,Source,Tweet,Date,Compound Analysis,Positive,Negative,Neutral,Tweets Ago
0,@BBC,"3 homeless people die every week in the UK.
Meanwhile in Finland...

(via @BBCThree) https://t.co/P4MYjbE4d1",Thu Oct 04 06:03:01 +0000 2018,-0.5994,0.0,0.231,0.769,1
1,@BBC,"The search for Lord Sugar's next business partner begins, and this year the challenges are bigger and better than e‚Ä¶ https://t.co/El1AyC5sXs",Wed Oct 03 19:04:04 +0000 2018,0.4939,0.181,0.0,0.819,2
2,@BBC,üéß‚ù§Ô∏è Dementia playlists are making such a big difference to these people.  https://t.co/ojVDVuP6to,Wed Oct 03 17:59:01 +0000 2018,0.0,0.0,0.0,1.0,3
3,@BBC,RT @BBCnireland: ‚úç @BBCApprentice is back tonight on @BBCOne so here are some tips to get you hired! - https://t.co/gc5KSIFQf1 https://t.co‚Ä¶,Wed Oct 03 17:03:42 +0000 2018,0.5411,0.149,0.0,0.851,4
4,@BBC,‚ù§Ô∏è Couples will soon be able to choose a civil partnership instead of a marriage thanks to Rebecca and Charles. https://t.co/nampxOV5ur,Wed Oct 03 16:55:01 +0000 2018,0.4404,0.132,0.0,0.868,5
5,@BBC,üçú The humble origins of an incredibly versatile food ‚Äì the potted history of instant noodles. https://t.co/3RMBZ33zFY,Wed Oct 03 15:58:03 +0000 2018,0.0,0.0,0.0,1.0,6
6,@BBC,"üåô 'Leonardo da Vinci was the first recorded person to realise what a crescent moon was.'

Nine out of this world fa‚Ä¶ https://t.co/cpzfOniwxA",Wed Oct 03 13:04:03 +0000 2018,0.0,0.0,0.0,1.0,7
7,@BBC,"That time @RyanGosling was training to be an astronaut and DEFINITELY WASN'T (was) sick. 
#TheGNShow https://t.co/mf8dnizxAV",Wed Oct 03 11:57:04 +0000 2018,0.7299,0.305,0.0,0.695,8
8,@BBC,"üï∫üéô 'Tom Daley was an Elvis impersonator - with his dad'

10 surprising things we learned from @TomDaley1994‚Äôs‚Ä¶ https://t.co/NGQAEEJWdl",Wed Oct 03 11:01:02 +0000 2018,0.2732,0.11,0.0,0.89,9
9,@BBC,"19-year-old rapper Kitch has a stutter when he speaks - but when he performs, it usually disappears. https://t.co/tVXhIeAwEg",Wed Oct 03 08:02:04 +0000 2018,-0.5574,0.0,0.247,0.753,10
10,@BBC,"RT @BBCRadio2: ü•ÅDrumroll please!ü•Å

Our brand new Breakfast Show host is @ZoeTheBall! üëè

https://t.co/th597DBxQI https://t.co/dbfQgMsuHO",Wed Oct 03 08:01:24 +0000 2018,0.0,0.0,0.0,1.0,11
11,@BBC,"üêß A zoo has been forced to fill its new penguin exhibit with models, as a shortage of birds means it is unable to g‚Ä¶ https://t.co/BmSAy8zQJP",Wed Oct 03 07:04:08 +0000 2018,-0.6124,0.0,0.185,0.815,12
12,@BBC,"""Oh, I'm so sorry,"" and other things not to say to amputees. 
(via @BBCThree) https://t.co/L8eiOleNyi",Wed Oct 03 06:08:02 +0000 2018,0.0,0.0,0.0,1.0,13
13,@BBC,"Discover the extraordinary story of how a small Scottish bank grew to briefly become the biggest in the world, befo‚Ä¶ https://t.co/OQpgOJ7edi",Tue Oct 02 19:02:07 +0000 2018,0.0,0.0,0.0,1.0,14
14,@BBC,Knife crime is up 22%. Who are the victims and what‚Äôs to blame? https://t.co/ZEAml31p9m,Tue Oct 02 17:55:03 +0000 2018,-0.802,0.0,0.427,0.573,15
15,@BBC,"The gender reveal party that sparked a massive 47,000 acre wildfire. 
üëâ https://t.co/b0Xc17AuK5 https://t.co/ROh8TOMH7K",Tue Oct 02 17:06:06 +0000 2018,0.4019,0.153,0.0,0.847,16
16,@BBC,"In 2002, Iberian Lynx were the rarest cats in the world. But then something remarkable happened... https://t.co/iEVCaSDvjN",Tue Oct 02 16:06:02 +0000 2018,0.7096,0.234,0.0,0.766,17
17,@BBC,Two scientists who discovered how to fight cancer using the body's immune system have won the 2018 #NobelPrize for‚Ä¶ https://t.co/fIj6Ly7Z3u,Tue Oct 02 14:06:04 +0000 2018,-0.2732,0.204,0.242,0.554,18
18,@BBC,"üç≤üòã A bowl of warm, hearty stew is always a welcome sight on a cold day.

From a classic beef stew to a vegetarian h‚Ä¶ https://t.co/1X1qdk14Oh",Tue Oct 02 13:05:03 +0000 2018,0.5994,0.205,0.0,0.795,19
19,@BBC,"Jodie Whittaker. New Doctor...and a 'Shat Lass'.
#TheGNShow #DoctorWho https://t.co/25HwEbjAfn",Tue Oct 02 12:05:04 +0000 2018,0.0,0.0,0.0,1.0,20
20,@BBC,"3 homeless people die every week in the UK.
Meanwhile in Finland...

(via @BBCThree) https://t.co/P4MYjbE4d1",Thu Oct 04 06:03:01 +0000 2018,-0.5994,0.0,0.231,0.769,21
21,@BBC,"The search for Lord Sugar's next business partner begins, and this year the challenges are bigger and better than e‚Ä¶ https://t.co/El1AyC5sXs",Wed Oct 03 19:04:04 +0000 2018,0.4939,0.181,0.0,0.819,22
22,@BBC,üéß‚ù§Ô∏è Dementia playlists are making such a big difference to these people.  https://t.co/ojVDVuP6to,Wed Oct 03 17:59:01 +0000 2018,0.0,0.0,0.0,1.0,23
23,@BBC,RT @BBCnireland: ‚úç @BBCApprentice is back tonight on @BBCOne so here are some tips to get you hired! - https://t.co/gc5KSIFQf1 https://t.co‚Ä¶,Wed Oct 03 17:03:42 +0000 2018,0.5411,0.149,0.0,0.851,24
24,@BBC,‚ù§Ô∏è Couples will soon be able to choose a civil partnership instead of a marriage thanks to Rebecca and Charles. https://t.co/nampxOV5ur,Wed Oct 03 16:55:01 +0000 2018,0.4404,0.132,0.0,0.868,25
25,@BBC,üçú The humble origins of an incredibly versatile food ‚Äì the potted history of instant noodles. https://t.co/3RMBZ33zFY,Wed Oct 03 15:58:03 +0000 2018,0.0,0.0,0.0,1.0,26
26,@BBC,"üåô 'Leonardo da Vinci was the first recorded person to realise what a crescent moon was.'

Nine out of this world fa‚Ä¶ https://t.co/cpzfOniwxA",Wed Oct 03 13:04:03 +0000 2018,0.0,0.0,0.0,1.0,27
27,@BBC,"That time @RyanGosling was training to be an astronaut and DEFINITELY WASN'T (was) sick. 
#TheGNShow https://t.co/mf8dnizxAV",Wed Oct 03 11:57:04 +0000 2018,0.7299,0.305,0.0,0.695,28
28,@BBC,"üï∫üéô 'Tom Daley was an Elvis impersonator - with his dad'

10 surprising things we learned from @TomDaley1994‚Äôs‚Ä¶ https://t.co/NGQAEEJWdl",Wed Oct 03 11:01:02 +0000 2018,0.2732,0.11,0.0,0.89,29
29,@BBC,"19-year-old rapper Kitch has a stutter when he speaks - but when he performs, it usually disappears. https://t.co/tVXhIeAwEg",Wed Oct 03 08:02:04 +0000 2018,-0.5574,0.0,0.247,0.753,30
30,@BBC,"RT @BBCRadio2: ü•ÅDrumroll please!ü•Å

Our brand new Breakfast Show host is @ZoeTheBall! üëè

https://t.co/th597DBxQI https://t.co/dbfQgMsuHO",Wed Oct 03 08:01:24 +0000 2018,0.0,0.0,0.0,1.0,31
31,@BBC,"üêß A zoo has been forced to fill its new penguin exhibit with models, as a shortage of birds means it is unable to g‚Ä¶ https://t.co/BmSAy8zQJP",Wed Oct 03 07:04:08 +0000 2018,-0.6124,0.0,0.185,0.815,32
32,@BBC,"""Oh, I'm so sorry,"" and other things not to say to amputees. 
(via @BBCThree) https://t.co/L8eiOleNyi",Wed Oct 03 06:08:02 +0000 2018,0.0,0.0,0.0,1.0,33
33,@BBC,"Discover the extraordinary story of how a small Scottish bank grew to briefly become the biggest in the world, befo‚Ä¶ https://t.co/OQpgOJ7edi",Tue Oct 02 19:02:07 +0000 2018,0.0,0.0,0.0,1.0,34
34,@BBC,Knife crime is up 22%. Who are the victims and what‚Äôs to blame? https://t.co/ZEAml31p9m,Tue Oct 02 17:55:03 +0000 2018,-0.802,0.0,0.427,0.573,35
35,@BBC,"The gender reveal party that sparked a massive 47,000 acre wildfire. 
üëâ https://t.co/b0Xc17AuK5 https://t.co/ROh8TOMH7K",Tue Oct 02 17:06:06 +0000 2018,0.4019,0.153,0.0,0.847,36
36,@BBC,"In 2002, Iberian Lynx were the rarest cats in the world. But then something remarkable happened... https://t.co/iEVCaSDvjN",Tue Oct 02 16:06:02 +0000 2018,0.7096,0.234,0.0,0.766,37
37,@BBC,Two scientists who discovered how to fight cancer using the body's immune system have won the 2018 #NobelPrize for‚Ä¶ https://t.co/fIj6Ly7Z3u,Tue Oct 02 14:06:04 +0000 2018,-0.2732,0.204,0.242,0.554,38
38,@BBC,"üç≤üòã A bowl of warm, hearty stew is always a welcome sight on a cold day.

From a classic beef stew to a vegetarian h‚Ä¶ https://t.co/1X1qdk14Oh",Tue Oct 02 13:05:03 +0000 2018,0.5994,0.205,0.0,0.795,39
39,@BBC,"Jodie Whittaker. New Doctor...and a 'Shat Lass'.
#TheGNShow #DoctorWho https://t.co/25HwEbjAfn",Tue Oct 02 12:05:04 +0000 2018,0.0,0.0,0.0,1.0,40
40,@BBC,"Donna Strickland has become the first woman to have won the #NobelPrize in Physics in 55 years. 
üëâ‚Ä¶ https://t.co/hGIojnR1W0",Tue Oct 02 10:47:27 +0000 2018,0.5719,0.171,0.0,0.829,41
41,@BBC,"RT @BBCSport: SPOTY is back - and there are some big changes.

The BBC Sports Personality of the Year 2018 contenders will be revealed on t‚Ä¶",Tue Oct 02 10:27:17 +0000 2018,0.0,0.0,0.0,1.0,42
42,@BBC,"‚ù§Ô∏èüíÉüèª Ballet is still the love of Joyce's life at 98-years-old! 
#WorldBalletDay https://t.co/nzr3Jy1wbS",Tue Oct 02 10:16:58 +0000 2018,0.6696,0.272,0.0,0.728,43
43,@BBC,"Over 300,000 marine animals are killed after becoming entangled in fishing gear every year. 
#DrowningInPlastic‚Ä¶ https://t.co/WmFqGMo8Es",Tue Oct 02 09:22:00 +0000 2018,-0.6705,0.0,0.231,0.769,44
44,@BBC,RT @bbccomedy: ‚ÄòThere She Goes‚Äô starring @JefficaHoons and David Tennant comes to @BBCFOUR on October 16th. https://t.co/tH37Wg5TBC,Tue Oct 02 09:10:44 +0000 2018,0.0,0.0,0.0,1.0,45
45,@BBC,"In January 1918, the Spanish flu swept the world and killed more people than WW1. 
#TheFluThatKilled50Million https://t.co/WinYKnWfSA",Tue Oct 02 08:00:09 +0000 2018,-0.7964,0.0,0.321,0.679,46
46,@BBC,"üëõ Do you know where your tips go? 

A guide to how tipping works in restaurants.
üëâ https://t.co/CNU4t3iogG https://t.co/7dcsckQwcG",Tue Oct 02 07:05:06 +0000 2018,0.0,0.0,0.0,1.0,47
47,@BBC,"More than half of the world's killer whales could be wiped out by man-made chemicals, scientists say.  https://t.co/w1SaxVchyO",Tue Oct 02 06:09:05 +0000 2018,-0.6486,0.0,0.202,0.798,48
48,@BBC,Wildlife biologist @LizBonnin visits scientists working at the cutting edge of plastics research. She works with le‚Ä¶ https://t.co/rSc4ZR9MEX,Mon Oct 01 19:00:01 +0000 2018,-0.128,0.0,0.081,0.919,49
49,@BBC,"A 19-year-old university student has described his photograph of a white fallow buck sneezing as a ""one-in-a-millio‚Ä¶ https://t.co/A1q3ZEIz2z",Mon Oct 01 17:16:04 +0000 2018,0.0,0.0,0.0,1.0,50
50,@BBC,"RT @BBCFood: ü•ï It's World Vegetarian Day and we're celebrating all things veggie. Whether you're looking for a quick lunch, a healthy trayb‚Ä¶",Mon Oct 01 16:05:44 +0000 2018,0.7506,0.252,0.0,0.748,51
51,@BBC,"RT @CBeebiesHQ: Cuddle up cheek to cheek!

Sharon D. Clarke is back for tonight's #BedtimeStory üò¥üìö

The biographical tale of Ella Fitzgeral‚Ä¶",Mon Oct 01 15:48:02 +0000 2018,0.0,0.0,0.0,1.0,52
52,@BBC,These scientists have found plastic in every area of the Arctic; there are about 225 trillion particles in the whol‚Ä¶ https://t.co/UoKtCXow1b,Mon Oct 01 15:00:02 +0000 2018,0.0,0.0,0.0,1.0,53
53,@BBC,"An Astrophysicist? A World Traveller? CEO of the British Library? üî≠üìöü§∑

Illustrator Sir Quentin Blake has reimagined‚Ä¶ https://t.co/PqXhCcoHH9",Mon Oct 01 14:01:07 +0000 2018,0.0,0.0,0.0,1.0,54
54,@BBC,"RT @bbcgetinspired: 'I'm a Muslim woman, I'm visually-impaired and I'm a boxer' ü•äü•ä #GetInspired 

https://t.co/zJorjZokVM",Mon Oct 01 13:04:26 +0000 2018,0.0,0.0,0.0,1.0,55
55,@BBC,"üé∂üåü@LadyGaga and Jodie Whittaker playing the #DoctorWho theme tune on the theremin is AMAZING. #TheGNShow

https://t.co/PEwaE9tzNH",Mon Oct 01 13:03:06 +0000 2018,0.7456,0.311,0.0,0.689,56
56,@BBC,"üòÇüòÉüòê Can you spot a fake laugh? 

Take this quiz to find out. üëâ https://t.co/LAFjV5ggf7 https://t.co/sFjlLRwzQK",Mon Oct 01 12:33:03 +0000 2018,0.128,0.159,0.137,0.705,57
57,@BBC,"Geoffrey Hayes, who hosted long-running children's TV show, Rainbow, has died aged 76.
üëâ https://t.co/10XDMpYCiz https://t.co/vPs5odJKqy",Mon Oct 01 12:08:21 +0000 2018,-0.5574,0.0,0.167,0.833,58
58,@BBC,"This Amazing Human uses coffee to give homeless people a second chance. ‚òïÔ∏èüíõ#InternationalCoffeeDay

https://t.co/wOc1ce2B3J",Mon Oct 01 11:03:02 +0000 2018,0.7003,0.345,0.0,0.655,59
59,@BBC,"Turns out it's *quite* difficult to keep a straight face while testing laughing gas...

https://t.co/nFlgKY7NuY",Mon Oct 01 10:03:06 +0000 2018,0.3818,0.274,0.134,0.591,60
60,@BBC,RT @BBCRadio4: We conducted the world's largest survey on loneliness and discovered that 16-24 year olds are the loneliest age group. Read‚Ä¶,Mon Oct 01 09:46:54 +0000 2018,-0.7351,0.0,0.237,0.763,61
61,@BBC,"We cannot WAIT for the new Doctor Who series! @bbcdoctorwho #TheGNShow

https://t.co/BkxpymO5Be",Mon Oct 01 09:04:02 +0000 2018,0.0,0.0,0.0,1.0,62
62,@BBC,"Start your Monday the right way. Watch Tom Hardy explain to a child why we should love all things equally. üíîüò≠

https://t.co/646n5wwjvL",Mon Oct 01 08:02:02 +0000 2018,0.7845,0.266,0.0,0.734,63
63,@BBC,Persistent chemical pollution threatens the future of killer whales. üíî https://t.co/wJJIQj8WLK https://t.co/saSP4leLjt,Mon Oct 01 07:32:01 +0000 2018,-0.875,0.0,0.5,0.5,64
64,@BBC,"Last year @higeorgeshelley's sister died in an accident. 

He opens up about grief and how to cope.

https://t.co/4SajjiJI6e",Mon Oct 01 07:03:05 +0000 2018,-0.872,0.0,0.398,0.602,65
65,@BBC,"RT @BBCOne: ‚ÄúI see women out with their babies walking around like it‚Äôs nothing‚Ä¶ I just want to yell out at them, ‚ÄúYou‚Äôre amazing!‚Äù @Jenna_‚Ä¶",Sun Sep 30 20:21:03 +0000 2018,0.4753,0.157,0.0,0.843,66
66,@BBC,RT @bbcstrictly: Wow. #Strictly Movie Week looks wand-erful! üßô‚Äç‚ôÇÔ∏è‚ú® https://t.co/3Iko29h06s,Sun Sep 30 19:39:53 +0000 2018,0.6239,0.313,0.0,0.687,67
67,@BBC,"A mother‚Äôs life disintegrates while the world looks on. 

#TheCry | 9pm | @BBCOne | https://t.co/hDRdVsMamq https://t.co/2SrLnoKGLi",Sun Sep 30 19:03:02 +0000 2018,0.0,0.0,0.0,1.0,68
68,@BBC,Tonight it's the first @BBCStrictly results show! Find out which couples have made it through and which two will be‚Ä¶ https://t.co/vytPpS8tTl,Sun Sep 30 17:16:03 +0000 2018,0.0,0.0,0.0,1.0,69
69,@BBC,"RT @BBCOne: #TheCry ""is the perfect replacement for #Bodyguard, a twisting, turning whodunit that leaves you questioning everybody."" The Te‚Ä¶",Sun Sep 30 16:22:42 +0000 2018,0.5106,0.167,0.063,0.769,70
70,@BBC,"RT @BBCOne: To mark 30 years in music, we‚Äôre making a @takethat documentary special and WE NEED YOU! 

Head to https://t.co/WiKSYB8coP to s‚Ä¶",Sun Sep 30 16:22:25 +0000 2018,0.4574,0.125,0.0,0.875,71
71,@BBC,"üï∫‚ú® @Joe_Sugg says he worried that he was the 'joke act' in this year's #Strictly. 

https://t.co/FmKBnEJeoX https://t.co/O1GfHHBJud",Sun Sep 30 16:01:09 +0000 2018,0.0,0.113,0.113,0.773,72
72,@BBC,"This is the incredible story of how London dug the Victoria Line! üöá

https://t.co/F8MsetBclS",Sun Sep 30 15:03:03 +0000 2018,0.0,0.0,0.0,1.0,73
73,@BBC,"In Japan, 'aki no koe' refers to autumn's voice, which incorporates all the sounds of the season: the wind rustling‚Ä¶ https://t.co/2fynWfK1Wu",Sun Sep 30 14:02:04 +0000 2018,-0.296,0.0,0.099,0.901,74
74,@BBC,"""Dyslexia tries to kick my butt daily - but I won't let it beat me"". 

https://t.co/EmtRJC2V5G",Sun Sep 30 13:06:04 +0000 2018,0.0,0.0,0.0,1.0,75
75,@BBC,Kanye West is changing his name... to Ye. https://t.co/TMRrrzJuKX https://t.co/0ZkgnEbFkA,Sun Sep 30 12:44:04 +0000 2018,0.0,0.0,0.0,1.0,76
76,@BBC,The lush green mosses of East Antarctica are finally succumbing to climate change. üíî https://t.co/z7j8jcx6TO https://t.co/r7C9gypVhC,Sun Sep 30 12:31:04 +0000 2018,-0.4767,0.0,0.162,0.838,77
77,@BBC,"Going on a night out can be challenging when you're a wheelchair user. 

https://t.co/YvvQ1SnosW",Sun Sep 30 11:02:01 +0000 2018,0.1531,0.127,0.0,0.873,78
78,@BBC,"This is disgusting. üòî

The Citarum River in Indonesia is one of the dirtiest rivers in the world. 

Plastic polluti‚Ä¶ https://t.co/F6z2NpXseT",Sun Sep 30 10:00:00 +0000 2018,-0.7579,0.048,0.251,0.701,79
79,@BBC,"üêª Say hello to Kyra the sun bear... 

https://t.co/UvDxsG3QO1",Sun Sep 30 09:04:02 +0000 2018,0.0,0.0,0.0,1.0,80
80,@BBC,RT @BBCWorld: Indonesia quake death toll 'at least 832' https://t.co/1VCcXxRrR4,Sun Sep 30 08:30:16 +0000 2018,-0.5994,0.0,0.302,0.698,81
81,@BBC,"For children with autism, the stress of taking photos can be overwhelming. To make things easier, eight-year-old Le‚Ä¶ https://t.co/U3hpweRK0D",Sun Sep 30 07:31:05 +0000 2018,0.0,0.124,0.124,0.752,82
82,@BBC,"This. Is. Amazing. üòÆ

Introducing the World Pole Climbing Championships...

https://t.co/osulkhFFhQ",Sun Sep 30 07:04:02 +0000 2018,0.5859,0.226,0.0,0.774,83
83,@BBC,Chile has launched a huge hiking route through its Patagonian wilderness. üå≤üòçüèî  https://t.co/WFIcKZe5Hv https://t.co/RLKjTx2Emo,Sat Sep 29 20:32:03 +0000 2018,0.4215,0.257,0.0,0.743,84
84,@BBC,üê£üòç Conservationists have been monitoring the progress of rare Leach's storm petrel chicks on the remote Scottish ar‚Ä¶ https://t.co/KzMHUIysAO,Sat Sep 29 17:02:12 +0000 2018,0.4215,0.135,0.0,0.865,85
85,@BBC,"'My children bought back the car I sold to pay for wife's cancer treatment'. ‚ù§Ô∏èÔ∏èüöò

https://t.co/xOJwzbgGlE https://t.co/Tx3WYCkCXu",Sat Sep 29 16:01:07 +0000 2018,-0.7003,0.0,0.293,0.707,86
86,@BBC,"RT @BBCEngland: Benny the beluga whale is spending his fifth day in the Thames but appears to be healthy and swimming normally, the Port of‚Ä¶",Sat Sep 29 15:54:38 +0000 2018,0.5499,0.129,0.0,0.871,87
87,@BBC,"Always start by playing paper! üëä‚úã‚úåÔ∏è

This is how to win at rock-paper-scissors... 

https://t.co/2VzUFq74FT",Sat Sep 29 15:02:04 +0000 2018,0.7088,0.329,0.0,0.671,88
88,@BBC,"'What do I know her from again?' ü§îüì∫

These are the TV actors who pop up in everything. https://t.co/XLQBs5bE5p https://t.co/DJWV8U3OhY",Sat Sep 29 14:03:07 +0000 2018,0.0,0.0,0.0,1.0,89
89,@BBC,"This is the world's most dangerous city to be a woman. 

https://t.co/v1qrWFF6B6",Sat Sep 29 13:01:07 +0000 2018,-0.5256,0.0,0.253,0.747,90
90,@BBC,"""New York City is underwhelming"". üò≥üò≥üò≥
 
#UnpopularOpinion was HARSH this week. üòÇ @gregjames

https://t.co/pSz5eP8YbR",Sat Sep 29 11:03:02 +0000 2018,-0.186,0.156,0.227,0.616,91
91,@BBC,"What's it like growing up with tourettes?

Brother and sister Jack and Rebecca describe how people react to their t‚Ä¶ https://t.co/VXY3jdCbEu",Sat Sep 29 10:03:05 +0000 2018,0.4939,0.181,0.0,0.819,92
92,@BBC,"This school became a national leader by focusing on a neglected subject... 

https://t.co/5c7iSPT3rc",Sat Sep 29 09:01:02 +0000 2018,-0.5267,0.0,0.254,0.746,93
93,@BBC,RT @BBCOne: .@LadyGaga &amp; Jodie Whittaker playing the #DoctorWho theme tune on the theremin is a joy to behold. #TheGNShow https://t.co/0aLu‚Ä¶,Sat Sep 29 08:11:46 +0000 2018,0.6808,0.237,0.0,0.763,94
94,@BBC,"""I've broken around 80 bones"". üò¨üè•

Meet the man who can't feel pain. üëâ https://t.co/6qsfeQmIct https://t.co/6jXkhYCTza",Sat Sep 29 08:05:03 +0000 2018,-0.1022,0.118,0.136,0.746,95
95,@BBC,"Say hello to baby Omo, a rare albino squirrel... üòçüêøÔ∏è

https://t.co/FVppFQSOJw",Sat Sep 29 07:03:06 +0000 2018,0.0,0.0,0.0,1.0,96
96,@BBC,"Over the last 50 years, the flesh-footed shearwater population has dropped by 30%.

Plastic is a major cause of the‚Ä¶ https://t.co/827iYwzryJ",Sat Sep 29 06:31:00 +0000 2018,0.0,0.0,0.0,1.0,97
97,@BBC,"The Graham Norton Show is back! Tonight Bradley Cooper, @ladygaga, Jodie Whittaker and @ryangosling join @grahnort‚Ä¶ https://t.co/prBbKLrkaO",Fri Sep 28 20:31:03 +0000 2018,0.3595,0.135,0.0,0.865,98
98,@BBC,"It's the Celebrity MasterChef final! After six gruelling weeks, just two tough challenges stand between the three r‚Ä¶ https://t.co/mLCixMGG8v",Fri Sep 28 18:32:03 +0000 2018,-0.126,0.065,0.089,0.846,99
99,@BBC,"Science has confirmed: cats are nice. üòª

https://t.co/nTtAUxYl6v https://t.co/kI8XYPICjA",Fri Sep 28 16:03:07 +0000 2018,0.7003,0.345,0.0,0.655,100
100,@CBS,@shygirlsue @Ranker And we couldn't be prouder of you.üòä https://t.co/Rt9bRkv32J,Thu Oct 04 00:34:37 +0000 2018,-0.3875,0.0,0.226,0.774,1
101,@CBS,@suferah_khan https://t.co/hkLN6VK6WI,Wed Oct 03 23:45:21 +0000 2018,0.0,0.0,0.0,1.0,2
102,@CBS,.@Ranker is ranking the best CBS shows of all time. Did your favorites make the list? https://t.co/D3ZrfZK0Q9,Wed Oct 03 23:39:03 +0000 2018,0.7906,0.318,0.0,0.682,3
103,@CBS,".@CrimMinds_CBS returns tonight for its 300th episode. In honor of the milestone season premiere, the cast has a me‚Ä¶ https://t.co/o9aKkBKKtw",Wed Oct 03 19:35:31 +0000 2018,0.4939,0.151,0.0,0.849,4
104,@CBS,".@wayansjr debuted his perfect impression of his father on @colbertlateshow but everybody, be cool, and don't tell‚Ä¶ https://t.co/MWa9UNOORj",Wed Oct 03 17:05:20 +0000 2018,0.6956,0.31,0.0,0.69,5
105,@CBS,RT @CBSAllAccess: It's a great day to be a fan of #TheTwilightZone! We're celebrating the 59th anniversary of the classic series AND the of‚Ä¶,Tue Oct 02 21:25:29 +0000 2018,0.8858,0.354,0.0,0.646,6
106,@CBS,"‚ö°Ô∏è ‚ÄúHappy Together Premieres on CBS‚Äù

https://t.co/W7IvELcMcw",Tue Oct 02 18:36:26 +0000 2018,0.0,0.0,0.0,1.0,7
107,@CBS,"@miamicah We don't know for sure about that, but we are sure that you should be some sort of TV detective. üôÇ https://t.co/uW5aSn7jlO",Tue Oct 02 17:52:53 +0000 2018,0.1622,0.121,0.133,0.746,8
108,@CBS,"‚ö°Ô∏è ‚ÄúThe Neighborhood Premieres on CBS‚Äù

https://t.co/R72l342BFE",Tue Oct 02 16:49:34 +0000 2018,0.0,0.0,0.0,1.0,9
109,@CBS,"RT @startrekcbs: Discover the next adventure of #StarTrekDiscovery January 2019, and catch #Starfleet at @NY_Comic_Con THIS Saturday. https‚Ä¶",Tue Oct 02 02:42:23 +0000 2018,0.3182,0.119,0.0,0.881,10
110,@CBS,The stars of @TheNeighborhood and @happytogether celebrated their shows' premieres on CBS tonight with a good old f‚Ä¶ https://t.co/fu9SJzv7hZ,Tue Oct 02 01:10:54 +0000 2018,0.765,0.292,0.0,0.708,11
111,@CBS,"RT @TheNeighborhood: It's almost time! Our live Q&amp;A with the casts of #TheNeighborhood &amp; #HappyTogether is starting at 8pm ET/ 5pm PT. 

Se‚Ä¶",Tue Oct 02 00:01:07 +0000 2018,0.0,0.0,0.0,1.0,12
112,@CBS,Head over to the CBS Facebook page now for the #FacebookLive with @happytogether‚Äôs @wayansjr and @TheNeighborhood‚Äôs‚Ä¶ https://t.co/37QOrVA1sh,Mon Oct 01 21:56:03 +0000 2018,0.0,0.0,0.0,1.0,13
113,@CBS,Join @happytogether's @wayansjr and @TheNeighborhood's @iamgreenfield for a Facebook Live TODAY at 5:45p ET/2:45 PT‚Ä¶ https://t.co/klrx7cA41H,Mon Oct 01 16:33:11 +0000 2018,0.296,0.136,0.0,0.864,14
114,@CBS,"Due to #NFL football game overrun, #CBS Sunday lineup is delayed in East/Central time zones ONLY. New start times:‚Ä¶ https://t.co/zmEn7CVlUi",Sun Sep 30 23:51:26 +0000 2018,-0.2263,0.0,0.091,0.909,15
115,@CBS,The cast of @GodFriendedMe answers some heavenly questions about social media before the show premieres tonight aft‚Ä¶ https://t.co/61Tx2GTn35,Sun Sep 30 17:00:00 +0000 2018,0.6124,0.19,0.0,0.81,16
116,@CBS,RT @CBSAllAccess: Stream NFL on CBS LIVE today starting at 1pm ET on CBS All Access! üèà https://t.co/vsod8jYeZl https://t.co/UBp3R4UCAd,Sun Sep 30 14:34:18 +0000 2018,0.0,0.0,0.0,1.0,17
117,@CBS,"On @colbertlateshow, @TheNeighborhood's @CedEntertainer and Stephen recall the first time they met on a night when‚Ä¶ https://t.co/vjz1zVg4sR",Fri Sep 28 22:22:01 +0000 2018,0.0,0.0,0.0,1.0,18
118,@CBS,".@happytogether's @wayansjr, @HereIsGina &amp; @latelateshow discuss the pros and cons of living with a pop star. Con:‚Ä¶ https://t.co/PLXFxfheW7",Fri Sep 28 20:16:14 +0000 2018,0.0,0.0,0.0,1.0,19
119,@CBS,"If you haven't seen @SEALTeamCBS, make it your mission to know them before the #SEALTeam Season 2 premiere October‚Ä¶ https://t.co/NhCPI3lZSV",Fri Sep 28 17:52:41 +0000 2018,0.0,0.0,0.0,1.0,20
120,@CBS,@shygirlsue @Ranker And we couldn't be prouder of you.üòä https://t.co/Rt9bRkv32J,Thu Oct 04 00:34:37 +0000 2018,-0.3875,0.0,0.226,0.774,21
121,@CBS,@suferah_khan https://t.co/hkLN6VK6WI,Wed Oct 03 23:45:21 +0000 2018,0.0,0.0,0.0,1.0,22
122,@CBS,.@Ranker is ranking the best CBS shows of all time. Did your favorites make the list? https://t.co/D3ZrfZK0Q9,Wed Oct 03 23:39:03 +0000 2018,0.7906,0.318,0.0,0.682,23
123,@CBS,".@CrimMinds_CBS returns tonight for its 300th episode. In honor of the milestone season premiere, the cast has a me‚Ä¶ https://t.co/o9aKkBKKtw",Wed Oct 03 19:35:31 +0000 2018,0.4939,0.151,0.0,0.849,24
124,@CBS,".@wayansjr debuted his perfect impression of his father on @colbertlateshow but everybody, be cool, and don't tell‚Ä¶ https://t.co/MWa9UNOORj",Wed Oct 03 17:05:20 +0000 2018,0.6956,0.31,0.0,0.69,25
125,@CBS,RT @CBSAllAccess: It's a great day to be a fan of #TheTwilightZone! We're celebrating the 59th anniversary of the classic series AND the of‚Ä¶,Tue Oct 02 21:25:29 +0000 2018,0.8858,0.354,0.0,0.646,26
126,@CBS,"‚ö°Ô∏è ‚ÄúHappy Together Premieres on CBS‚Äù

https://t.co/W7IvELcMcw",Tue Oct 02 18:36:26 +0000 2018,0.0,0.0,0.0,1.0,27
127,@CBS,"@miamicah We don't know for sure about that, but we are sure that you should be some sort of TV detective. üôÇ https://t.co/uW5aSn7jlO",Tue Oct 02 17:52:53 +0000 2018,0.1622,0.121,0.133,0.746,28
128,@CBS,"‚ö°Ô∏è ‚ÄúThe Neighborhood Premieres on CBS‚Äù

https://t.co/R72l342BFE",Tue Oct 02 16:49:34 +0000 2018,0.0,0.0,0.0,1.0,29
129,@CBS,"RT @startrekcbs: Discover the next adventure of #StarTrekDiscovery January 2019, and catch #Starfleet at @NY_Comic_Con THIS Saturday. https‚Ä¶",Tue Oct 02 02:42:23 +0000 2018,0.3182,0.119,0.0,0.881,30
130,@CBS,The stars of @TheNeighborhood and @happytogether celebrated their shows' premieres on CBS tonight with a good old f‚Ä¶ https://t.co/fu9SJzv7hZ,Tue Oct 02 01:10:54 +0000 2018,0.765,0.292,0.0,0.708,31
131,@CBS,"RT @TheNeighborhood: It's almost time! Our live Q&amp;A with the casts of #TheNeighborhood &amp; #HappyTogether is starting at 8pm ET/ 5pm PT. 

Se‚Ä¶",Tue Oct 02 00:01:07 +0000 2018,0.0,0.0,0.0,1.0,32
132,@CBS,Head over to the CBS Facebook page now for the #FacebookLive with @happytogether‚Äôs @wayansjr and @TheNeighborhood‚Äôs‚Ä¶ https://t.co/37QOrVA1sh,Mon Oct 01 21:56:03 +0000 2018,0.0,0.0,0.0,1.0,33
133,@CBS,Join @happytogether's @wayansjr and @TheNeighborhood's @iamgreenfield for a Facebook Live TODAY at 5:45p ET/2:45 PT‚Ä¶ https://t.co/klrx7cA41H,Mon Oct 01 16:33:11 +0000 2018,0.296,0.136,0.0,0.864,34
134,@CBS,"Due to #NFL football game overrun, #CBS Sunday lineup is delayed in East/Central time zones ONLY. New start times:‚Ä¶ https://t.co/zmEn7CVlUi",Sun Sep 30 23:51:26 +0000 2018,-0.2263,0.0,0.091,0.909,35
135,@CBS,The cast of @GodFriendedMe answers some heavenly questions about social media before the show premieres tonight aft‚Ä¶ https://t.co/61Tx2GTn35,Sun Sep 30 17:00:00 +0000 2018,0.6124,0.19,0.0,0.81,36
136,@CBS,RT @CBSAllAccess: Stream NFL on CBS LIVE today starting at 1pm ET on CBS All Access! üèà https://t.co/vsod8jYeZl https://t.co/UBp3R4UCAd,Sun Sep 30 14:34:18 +0000 2018,0.0,0.0,0.0,1.0,37
137,@CBS,"On @colbertlateshow, @TheNeighborhood's @CedEntertainer and Stephen recall the first time they met on a night when‚Ä¶ https://t.co/vjz1zVg4sR",Fri Sep 28 22:22:01 +0000 2018,0.0,0.0,0.0,1.0,38
138,@CBS,".@happytogether's @wayansjr, @HereIsGina &amp; @latelateshow discuss the pros and cons of living with a pop star. Con:‚Ä¶ https://t.co/PLXFxfheW7",Fri Sep 28 20:16:14 +0000 2018,0.0,0.0,0.0,1.0,39
139,@CBS,"If you haven't seen @SEALTeamCBS, make it your mission to know them before the #SEALTeam Season 2 premiere October‚Ä¶ https://t.co/NhCPI3lZSV",Fri Sep 28 17:52:41 +0000 2018,0.0,0.0,0.0,1.0,40
140,@CBS,"‚ö°Ô∏è ‚ÄúMurphy Brown Returns to CBS‚Äù

https://t.co/3vsAg7WcB1",Fri Sep 28 16:51:50 +0000 2018,0.0,0.0,0.0,1.0,41
141,@CBS,.@TheNeighborhood's @iamgreenfield revealing his Fiddler on the Roof goals on @latelateshow will be the earworm you‚Ä¶ https://t.co/swbh8HPwA1,Thu Sep 27 20:19:18 +0000 2018,0.0,0.0,0.0,1.0,42
142,@CBS,RT @MurphyBrownCBS: A moment 20 years in the making all comes down to this. #MurphyBrown returns to @CBS tonight! https://t.co/tWSMFM3YbG,Thu Sep 27 20:01:53 +0000 2018,0.0,0.0,0.0,1.0,43
143,@CBS,"Candice Bergen tells @colbertlateshow the presidential way tonight's @MurphyBrownCBS premiere imitates life, albeit‚Ä¶ https://t.co/4Kbk8gt6nS",Thu Sep 27 17:19:16 +0000 2018,0.0,0.0,0.0,1.0,44
144,@CBS,@marlagardner222 @jay_hernandez Good idea. The theme song is a dead giveaway. üòâ,Thu Sep 27 16:58:08 +0000 2018,-0.34,0.169,0.25,0.581,45
145,@CBS,@queenmama7777 @CBSAllAccess We believe in you! https://t.co/ZK0xaPRxVr,Thu Sep 27 00:44:13 +0000 2018,0.0,0.0,0.0,1.0,46
146,@CBS,@BSkyjackcity @jokersupdates @CBSAllAccess On it. https://t.co/yxKX9ry7fw,Thu Sep 27 00:42:15 +0000 2018,0.0,0.0,0.0,1.0,47
147,@CBS,Sixteen houseguests entered and now it's down to the Final 3. Don't miss a second of the 90-minute #BB20Finale toni‚Ä¶ https://t.co/KwDHR9Hfqu,Wed Sep 26 21:49:27 +0000 2018,0.1139,0.071,0.0,0.929,48
148,@CBS,"The tribe has spoken, and they do a pretty decent @JeffProbst impression just in time for the @survivorcbs Season P‚Ä¶ https://t.co/2Ps8VKblay",Wed Sep 26 19:57:54 +0000 2018,0.6249,0.221,0.0,0.779,49
149,@CBS,"‚ö°Ô∏è ‚ÄúFBI Premieres on CBS‚Äù

https://t.co/faL6iHZc5g",Wed Sep 26 17:25:43 +0000 2018,0.0,0.0,0.0,1.0,50
150,@CBS,"RT @CBSAllAccess: A night of crime dramas?! Oh yes. üôå Stream @NCIS_CBS, @FBICBS &amp; @NCISNewOrleans starting at 8/7c on CBS All Access: https‚Ä¶",Tue Sep 25 21:10:56 +0000 2018,-0.2714,0.098,0.138,0.764,51
151,@CBS,"Before @FBICBS premieres tonight, @mperegrym stopped by @CBSThisMorning to talk about her role as an FBI agent in t‚Ä¶ https://t.co/CPVki4Hv8y",Tue Sep 25 20:31:45 +0000 2018,-0.2263,0.0,0.091,0.909,52
152,@CBS,RT @CBSAllAccess: üö® @PatrickBrammall. Tim Meadows. @jessicaalba. @iamgreenfield. @AHWAmySedaris. @ChrisGethard. @JoeManganiello. AND SO MAN‚Ä¶,Tue Sep 25 19:54:26 +0000 2018,0.0,0.0,0.0,1.0,53
153,@CBS,RT @bigbangtheory: Happy #NationalComicBookDay from Sheldon and his many shirts! How are you sporting your favorite superhero today? #BigBa‚Ä¶,Tue Sep 25 19:45:33 +0000 2018,0.7901,0.291,0.0,0.709,54
154,@CBS,"‚ö°Ô∏è ‚ÄúMagnum P.I. Premieres on CBS‚Äù

https://t.co/UtbQlcDG8S",Tue Sep 25 18:34:26 +0000 2018,0.0,0.0,0.0,1.0,55
155,@CBS,".@jay_hernandez went on @latelateshow to talk about @MagnumPICBS, but he may have gotten @TiffanyHaddish as a surf‚Ä¶ https://t.co/a3acRu10aw",Tue Sep 25 18:05:31 +0000 2018,0.0,0.0,0.0,1.0,56
156,@CBS,"RT @60Minutes: 60 Minutes turns 50 today. Tick, tick, tick ... https://t.co/3CVKEs9J7F",Mon Sep 24 18:56:15 +0000 2018,0.0,0.0,0.0,1.0,57
157,@CBS,"Due to #NFL football game overrun, #CBS Sunday lineup is delayed in ATL, Indy, NOLA, Kansas City, NYC, Philly, Prov‚Ä¶ https://t.co/fejqoxtvSY",Sun Sep 23 23:24:03 +0000 2018,-0.2263,0.0,0.087,0.913,58
158,@CBS,Kick off your Sunday with @NFL on CBS. Catch your local games live on CBS and @CBSAllAccess. üèàüì∫‚Ä¶ https://t.co/kbo7N27mY9,Sun Sep 23 14:00:00 +0000 2018,0.0,0.0,0.0,1.0,59
159,@CBS,"How does $100,000 sound? Because someone is going to win all that tonight on the @TKOCBS Battle Royale finale at 9p‚Ä¶ https://t.co/JEuUZ2QlQh",Fri Sep 21 19:18:00 +0000 2018,0.296,0.144,0.098,0.758,60
160,@CBS,@colbertlateshow @IainLoveTheatre @IainLoveTheatre made a compelling argument. We'll get back to you. üòâ,Fri Sep 21 17:46:26 +0000 2018,-0.1531,0.123,0.162,0.714,61
161,@CBS,"Now that @bigbangtheory is entering its last season, Kaley Cuoco admits to @latelateshow she's over the show's noto‚Ä¶ https://t.co/xvhlMWBhSX",Thu Sep 20 23:17:19 +0000 2018,0.296,0.109,0.0,0.891,62
162,@CBS,RT @HawaiiFive0CBS: It‚Äôs the big Five-0! üéâ üåä #H50 premiered on this day in 1968! Celebrate 50 years of Hawaii Five-0 with every season of b‚Ä¶,Thu Sep 20 21:38:21 +0000 2018,0.7896,0.212,0.0,0.788,63
163,@CBS,RT @JordanPeele: üì∫üåÄ https://t.co/CygbVi4JFC,Thu Sep 20 16:47:26 +0000 2018,0.0,0.0,0.0,1.0,64
164,@CBS,The @latelateshow and @JKCorden will never be good enough for @henrygolding's crazy rich mom.‚Ä¶ https://t.co/xVmH5Iyfvs,Wed Sep 19 19:07:37 +0000 2018,-0.0531,0.176,0.236,0.588,65
165,@CBS,RT @CBSThisMorning: Imagine receiving a digital friend request from someone claiming to be God. What would you do? The new @CBS drama @GodF‚Ä¶,Tue Sep 18 17:04:20 +0000 2018,0.6486,0.209,0.0,0.791,66
166,@CBS,"RT @PriceIsRight: We're thrilled to be back with all new, fun, and exciting shows!!  We hope to give you another award winning season! HERE‚Ä¶",Mon Sep 17 22:01:52 +0000 2018,0.9642,0.527,0.0,0.473,67
167,@CBS,RT @SalvationCBS: X marks the spot on the heart-stopping season finale of #SalvationCBS tonight at 9/8c on CBS &amp; CBS All Access: https://t.‚Ä¶,Mon Sep 17 21:41:20 +0000 2018,0.0,0.0,0.0,1.0,68
168,@CBS,Waiting for tonight's @Elementary_CBS season finale like https://t.co/Ou8342vGT9,Mon Sep 17 19:18:37 +0000 2018,0.3612,0.263,0.0,0.737,69
169,@CBS,"Due to an NFL overrun, the CBS Sunday lineup is delayed in the East/Central cities ONLY. New start times:‚Ä¶ https://t.co/IypoJ0l16P",Sun Sep 16 23:48:59 +0000 2018,-0.2263,0.0,0.091,0.909,70
170,@CBS,RT @CBSAllAccess: Sundays were made for NFL on CBS. üèàüíØ Stream NFL on CBS All Access live today: https://t.co/vsod8jGE7N https://t.co/co2528‚Ä¶,Sun Sep 16 14:33:46 +0000 2018,0.0,0.0,0.0,1.0,71
171,@CBS,"What happens when a PTA mom steals nearly $100,000 from her daughter's school? Don't miss the #PinkCollarCrimes sea‚Ä¶ https://t.co/Gjiy0pByaE",Sat Sep 15 16:00:01 +0000 2018,-0.4322,0.07,0.159,0.771,72
172,@CBS,"RT @CBSAllAccess: No internet, no problem. You can now download and play your favorite shows on CBS All Access! üôå Learn how: https://t.co/y‚Ä¶",Fri Sep 14 18:22:59 +0000 2018,-0.2481,0.17,0.233,0.598,73
173,@CBS,@PlaggemeyLee Mac's putting something together. üòâ https://t.co/6ww5HlV6Bx,Thu Sep 13 20:52:06 +0000 2018,0.0,0.0,0.0,1.0,74
174,@CBS,This just in... https://t.co/QG3OYF6Rfv,Thu Sep 13 20:28:06 +0000 2018,0.0,0.0,0.0,1.0,75
175,@CBS,RT @CBSAllAccess: Get excited! Stream original #MurphyBrown episodes for a limited time on CBS All Access before the @MurphyBrownCBS reviva‚Ä¶,Thu Sep 13 18:06:49 +0000 2018,0.4753,0.218,0.083,0.699,76
176,@CBS,"This just in! The 54th #ACMawards will air LIVE from Las Vegas on Sunday, April 7, 2019 at 8/7c on CBS and‚Ä¶ https://t.co/Q9e7qxe26l",Mon Sep 10 17:06:16 +0000 2018,0.0,0.0,0.0,1.0,77
177,@CBS,"Due to an NFL overrun, CBS is delayed 17 mins in the following markets: Kansas City, Miami, Tampa, NOLA, New York,‚Ä¶ https://t.co/9eXZ9mA1Xb",Sun Sep 09 23:36:09 +0000 2018,-0.2263,0.0,0.083,0.917,78
178,@CBS,Are you ready for some football? üèà Stream your favorite NFL games LIVE on #CBSAllAccess today:‚Ä¶ https://t.co/eHt8guHoyv,Sun Sep 09 14:00:00 +0000 2018,0.6705,0.256,0.0,0.744,79
179,@CBS,An unforgettable night of inspiring stories and performances highlighting the 10 years of impact #StandUpToCancer c‚Ä¶ https://t.co/8bp2XNKwfH,Sat Sep 08 16:20:43 +0000 2018,0.4215,0.149,0.0,0.851,80
180,@CBS,The star-studded event is about to begin! Tune in now to watch #StandUpToCancer on CBS and @cbsallaccess. https://t.co/cD8TJuQBog,Sat Sep 08 00:00:00 +0000 2018,0.0,0.0,0.0,1.0,81
181,@CBS,"RT @cbsallaccess: Join #TellMeAStory's @daniellemcam, @BillyMagnussen &amp; Dorian Missick by standing up to cancer! Watch @SU2C tonight at 8/7‚Ä¶",Fri Sep 07 23:15:09 +0000 2018,-0.5411,0.092,0.196,0.712,82
182,@CBS,Tune in to a first-of-its-kind digital live show as lead up to @SU2C‚Äôs televised event tonight! The show will featu‚Ä¶ https://t.co/hIVaLAXYmR,Fri Sep 07 21:50:51 +0000 2018,0.0,0.0,0.0,1.0,83
183,@CBS,Hollywood legend Burt Reynolds has passed away at the age of 82. He will be missed. https://t.co/HSmcJ9X9iC,Thu Sep 06 22:10:49 +0000 2018,-0.296,0.0,0.121,0.879,84
184,@CBS,Here are @FBICBS‚Äô @JeremySisto and @EboneeReigne with a powerful message before #StandUpToCancer airs tomorrow! https://t.co/OCqh91N1OO,Thu Sep 06 19:00:01 +0000 2018,0.4753,0.192,0.0,0.808,85
185,@CBS,Here's everything you need to know before tuning into #StandUpToCancer this Friday at 8/7c: https://t.co/IT9ht84TZ1 https://t.co/OK4AOxw5mP,Wed Sep 05 21:00:00 +0000 2018,0.0,0.0,0.0,1.0,86
186,@CBS,Survivor host @JeffProbst is here to break down the theme of #Survivor: David vs. Goliath before the new season beg‚Ä¶ https://t.co/8TcA200eFQ,Wed Sep 05 17:32:40 +0000 2018,0.3612,0.111,0.0,0.889,87
187,@CBS,"Thanks, @StephenAtHome. 
P.S. Nice beard. #LSSC https://t.co/wppVtfR9cL",Wed Sep 05 16:48:09 +0000 2018,0.6908,0.533,0.0,0.467,88
188,@CBS,The biggest names in entertainment are coming together once again for #StandUpToCancer this Friday at 8/7c on @CBS‚Ä¶ https://t.co/ntuGKLYvuW,Tue Sep 04 20:34:26 +0000 2018,0.4215,0.135,0.0,0.865,89
189,@CBS,RT @cbsallaccess: Stream #17 @WestVirginiaU vs. @UTKnoxville LIVE today at 3:30PM ET on CBS All Access! Try 1 month FREE using code BINGENO‚Ä¶,Sat Sep 01 15:25:34 +0000 2018,0.6514,0.171,0.0,0.829,90
190,@CBS,"In just one week, @RWitherspoon, @McConaughey, Jennifer Garner, and more will attend the #‚ÄãStandUpToCancer fundrais‚Ä¶ https://t.co/iHKGOoWejA",Fri Aug 31 21:26:49 +0000 2018,0.0,0.0,0.0,1.0,91
191,@CBS,"Believe in miracles. Watch this sneak peek of the complete premiere episode of @GodFriendedMe now, a month before i‚Ä¶ https://t.co/5AIUH5VmMk",Fri Aug 31 18:01:01 +0000 2018,0.0,0.0,0.0,1.0,92
192,@CBS,"RT @cbsallaccess: Money. Murder. Mystery. #OneDollar is now streaming, exclusively on CBS All Access. https://t.co/3qFdTEmVU5 https://t.co/‚Ä¶",Thu Aug 30 19:45:51 +0000 2018,-0.6908,0.0,0.239,0.761,93
193,@CBS,RT @GodFriendedMe: It's a godsend! We're dropping the #GodFriendedMe pilot tomorrow right here on Twitter for you to stream a full month be‚Ä¶,Thu Aug 30 15:32:47 +0000 2018,0.6239,0.17,0.0,0.83,94
194,@CBS,"It's almost time for sweater weather, pumpkin spice lattes, and CBS Fall TV premieres. Check out the storylines for‚Ä¶ https://t.co/BpgDyYl8fc",Mon Aug 27 23:36:57 +0000 2018,0.0,0.0,0.0,1.0,95
195,@CBS,RT @cbsallaccess: #NFL preseason coverage is here! üèà The Detroit @Lions battle the Tampa Bay @Buccaneers tonight at 8PM ET. Stream the game‚Ä¶,Fri Aug 24 20:30:16 +0000 2018,-0.4389,0.0,0.112,0.888,96
196,@CBS,"@bigbangtheory üé∂...happy kitty, sleepy kitty, purr purr purrüé∂ #TheBigBangTheory https://t.co/sEObppGJlZ",Wed Aug 22 20:55:25 +0000 2018,0.0,0.0,0.0,1.0,97
197,@CBS,"This is going to require multiple singings of ""Soft Kitty."" https://t.co/UdRGNeQ7Lb",Wed Aug 22 20:10:12 +0000 2018,0.0,0.0,0.0,1.0,98
198,@CBS,Got to get more of the @PaulMcCartney #CarpoolKaraoke into your life? @latelateshow produced an hour-long bonus spe‚Ä¶ https://t.co/DjPqajo6Xn,Mon Aug 20 21:59:56 +0000 2018,0.5423,0.171,0.0,0.829,99
199,@CBS,"How much does it cost to bury the truth? 
#OneDollar premieres August 30, exclusively on CBS All Access. https://t.co/ZL5TBH9ro5",Fri Aug 17 17:42:02 +0000 2018,0.3182,0.113,0.0,0.887,100
200,@CNN,High blood pressure. Anxiety. Depression. Insomnia. These are just a few of the possible long-term health consequen‚Ä¶ https://t.co/LAzcY346ta,Thu Oct 04 06:31:02 +0000 2018,-0.765,0.0,0.352,0.648,1
201,@CNN,"CNN‚Äôs Samuel Burke gets a close look at Magic Leap‚Äôs mixed reality headset, with the help of actor Andy Serkis‚Ä¶ https://t.co/PLg4U9dDxJ",Thu Oct 04 06:16:00 +0000 2018,0.4019,0.124,0.0,0.876,2
202,@CNN,More than 250 people around the world have died taking selfies since 2011 https://t.co/njs5fjzajS,Thu Oct 04 06:01:04 +0000 2018,-0.5574,0.0,0.217,0.783,3
203,@CNN,"NYC to Boston in 36 minutes? Transcend Air has plans for a jet-fast plane that takes off and lands vertically, allo‚Ä¶ https://t.co/fCBF1F5ohL",Thu Oct 04 05:46:01 +0000 2018,0.0,0.0,0.0,1.0,4
204,@CNN,The insurance company that paid Kim Kardashian West after she was robbed of millions of dollars' worth of jewelry i‚Ä¶ https://t.co/wYXGuvv03I,Thu Oct 04 05:41:06 +0000 2018,0.2263,0.087,0.0,0.913,5
205,@CNN,"Eating processed meats like bacon, sausages and ham could increase the risk of breast cancer, a study shows.

Regul‚Ä¶ https://t.co/5TVQmNRNgC",Thu Oct 04 05:31:05 +0000 2018,-0.4019,0.183,0.247,0.57,6
206,@CNN,"After an unusually large amount of rain, officials are telling people who live near a dam in southern Arizona to ev‚Ä¶ https://t.co/zKRdgJXdbU",Thu Oct 04 05:28:07 +0000 2018,0.0,0.0,0.0,1.0,7
207,@CNN,The British and Australian governments have accused Russian military intelligence of carrying out a worldwide campa‚Ä¶ https://t.co/s4501714uP,Thu Oct 04 05:25:03 +0000 2018,0.2263,0.161,0.114,0.725,8
208,@CNN,"Fashion has a water consumption problem. But bacterial dye -- yes, bacterial -- could help change that:‚Ä¶ https://t.co/oste8tCSTj",Thu Oct 04 05:16:00 +0000 2018,0.7391,0.309,0.081,0.61,9
209,@CNN,Audio of radio interviews between longtime Trump ally Roger Stone &amp; the radio host he claimed was his back channel‚Ä¶ https://t.co/asPNRTy3tt,Thu Oct 04 05:12:28 +0000 2018,0.0,0.0,0.0,1.0,10
210,@CNN,"RT @CNNBusiness: The world's first full-scale Hyperloop passenger capsule has been revealed, and it could be the future of travel https://t‚Ä¶",Thu Oct 04 05:02:59 +0000 2018,0.0,0.0,0.0,1.0,11
211,@CNN,An off-duty border patrol agent planned to shoot a rifle at a target containing a highly explosive substance reveal‚Ä¶ https://t.co/tdOQh3K3Zm,Thu Oct 04 05:01:06 +0000 2018,-0.34,0.0,0.13,0.87,12
212,@CNN,United Airlines flight lands safely after mayday call shuts down Sydney airport https://t.co/vNMEuulxZw https://t.co/6rqOLwupyu,Thu Oct 04 04:57:12 +0000 2018,0.7184,0.333,0.0,0.667,13
213,@CNN,"Take a rare tour underneath and inside San Francisco's Golden Gate Bridge where about 200 iron workers, engineers,‚Ä¶ https://t.co/YcHAqAf9ws",Thu Oct 04 04:46:00 +0000 2018,0.0,0.0,0.0,1.0,14
214,@CNN,"Toys ""R"" Us may be coming back.

The company closed all of its US stores in June as part of a bankruptcy liquidatio‚Ä¶ https://t.co/Q6rS0EKxia",Thu Oct 04 04:31:05 +0000 2018,0.0,0.0,0.0,1.0,15
215,@CNN,Are standing desks really good for you? Proponents claim that eliminating sitting from your work life can make you‚Ä¶ https://t.co/7CN5t9NcR9,Thu Oct 04 04:16:00 +0000 2018,0.4927,0.144,0.0,0.856,16
216,@CNN,"US Vice President Mike Pence is set to ramp up Washington's criticism of Beijing in a speech on Thursday, accusing‚Ä¶ https://t.co/1GjblY3Q51",Thu Oct 04 04:15:36 +0000 2018,-0.4404,0.0,0.132,0.868,17
217,@CNN,"Which world leader do people trust most? Here are findings from a new global survey by the Pew Research Center.

An‚Ä¶ https://t.co/mcrnjUjSfP",Thu Oct 04 04:01:02 +0000 2018,0.5106,0.142,0.0,0.858,18
218,@CNN,The world's best bar for 2018 is... about to close for good https://t.co/nTs5iMszDC via @CNNTravel https://t.co/9JBpKGdBvG,Thu Oct 04 03:46:07 +0000 2018,0.7964,0.336,0.0,0.664,19
219,@CNN,"RT @CuomoPrimeTime: .@chriscuomo: This is it. They will vote. Will the FBI report change votes? Unlikely.

Why? This has never been a truth‚Ä¶",Thu Oct 04 03:31:24 +0000 2018,0.0,0.0,0.0,1.0,20
220,@CNN,High blood pressure. Anxiety. Depression. Insomnia. These are just a few of the possible long-term health consequen‚Ä¶ https://t.co/LAzcY346ta,Thu Oct 04 06:31:02 +0000 2018,-0.765,0.0,0.352,0.648,21
221,@CNN,"CNN‚Äôs Samuel Burke gets a close look at Magic Leap‚Äôs mixed reality headset, with the help of actor Andy Serkis‚Ä¶ https://t.co/PLg4U9dDxJ",Thu Oct 04 06:16:00 +0000 2018,0.4019,0.124,0.0,0.876,22
222,@CNN,More than 250 people around the world have died taking selfies since 2011 https://t.co/njs5fjzajS,Thu Oct 04 06:01:04 +0000 2018,-0.5574,0.0,0.217,0.783,23
223,@CNN,"NYC to Boston in 36 minutes? Transcend Air has plans for a jet-fast plane that takes off and lands vertically, allo‚Ä¶ https://t.co/fCBF1F5ohL",Thu Oct 04 05:46:01 +0000 2018,0.0,0.0,0.0,1.0,24
224,@CNN,The insurance company that paid Kim Kardashian West after she was robbed of millions of dollars' worth of jewelry i‚Ä¶ https://t.co/wYXGuvv03I,Thu Oct 04 05:41:06 +0000 2018,0.2263,0.087,0.0,0.913,25
225,@CNN,"Eating processed meats like bacon, sausages and ham could increase the risk of breast cancer, a study shows.

Regul‚Ä¶ https://t.co/5TVQmNRNgC",Thu Oct 04 05:31:05 +0000 2018,-0.4019,0.183,0.247,0.57,26
226,@CNN,"After an unusually large amount of rain, officials are telling people who live near a dam in southern Arizona to ev‚Ä¶ https://t.co/zKRdgJXdbU",Thu Oct 04 05:28:07 +0000 2018,0.0,0.0,0.0,1.0,27
227,@CNN,The British and Australian governments have accused Russian military intelligence of carrying out a worldwide campa‚Ä¶ https://t.co/s4501714uP,Thu Oct 04 05:25:03 +0000 2018,0.2263,0.161,0.114,0.725,28
228,@CNN,"Fashion has a water consumption problem. But bacterial dye -- yes, bacterial -- could help change that:‚Ä¶ https://t.co/oste8tCSTj",Thu Oct 04 05:16:00 +0000 2018,0.7391,0.309,0.081,0.61,29
229,@CNN,Audio of radio interviews between longtime Trump ally Roger Stone &amp; the radio host he claimed was his back channel‚Ä¶ https://t.co/asPNRTy3tt,Thu Oct 04 05:12:28 +0000 2018,0.0,0.0,0.0,1.0,30
230,@CNN,"RT @CNNBusiness: The world's first full-scale Hyperloop passenger capsule has been revealed, and it could be the future of travel https://t‚Ä¶",Thu Oct 04 05:02:59 +0000 2018,0.0,0.0,0.0,1.0,31
231,@CNN,An off-duty border patrol agent planned to shoot a rifle at a target containing a highly explosive substance reveal‚Ä¶ https://t.co/tdOQh3K3Zm,Thu Oct 04 05:01:06 +0000 2018,-0.34,0.0,0.13,0.87,32
232,@CNN,United Airlines flight lands safely after mayday call shuts down Sydney airport https://t.co/vNMEuulxZw https://t.co/6rqOLwupyu,Thu Oct 04 04:57:12 +0000 2018,0.7184,0.333,0.0,0.667,33
233,@CNN,"Take a rare tour underneath and inside San Francisco's Golden Gate Bridge where about 200 iron workers, engineers,‚Ä¶ https://t.co/YcHAqAf9ws",Thu Oct 04 04:46:00 +0000 2018,0.0,0.0,0.0,1.0,34
234,@CNN,"Toys ""R"" Us may be coming back.

The company closed all of its US stores in June as part of a bankruptcy liquidatio‚Ä¶ https://t.co/Q6rS0EKxia",Thu Oct 04 04:31:05 +0000 2018,0.0,0.0,0.0,1.0,35
235,@CNN,Are standing desks really good for you? Proponents claim that eliminating sitting from your work life can make you‚Ä¶ https://t.co/7CN5t9NcR9,Thu Oct 04 04:16:00 +0000 2018,0.4927,0.144,0.0,0.856,36
236,@CNN,"US Vice President Mike Pence is set to ramp up Washington's criticism of Beijing in a speech on Thursday, accusing‚Ä¶ https://t.co/1GjblY3Q51",Thu Oct 04 04:15:36 +0000 2018,-0.4404,0.0,0.132,0.868,37
237,@CNN,"Which world leader do people trust most? Here are findings from a new global survey by the Pew Research Center.

An‚Ä¶ https://t.co/mcrnjUjSfP",Thu Oct 04 04:01:02 +0000 2018,0.5106,0.142,0.0,0.858,38
238,@CNN,The world's best bar for 2018 is... about to close for good https://t.co/nTs5iMszDC via @CNNTravel https://t.co/9JBpKGdBvG,Thu Oct 04 03:46:07 +0000 2018,0.7964,0.336,0.0,0.664,39
239,@CNN,"RT @CuomoPrimeTime: .@chriscuomo: This is it. They will vote. Will the FBI report change votes? Unlikely.

Why? This has never been a truth‚Ä¶",Thu Oct 04 03:31:24 +0000 2018,0.0,0.0,0.0,1.0,40
240,@CNN,"RT @AC360: ""I saw him do the stuff that he said under oath that he didn't do. I saw him use words in a different way than he said under oat‚Ä¶",Thu Oct 04 03:31:13 +0000 2018,0.0,0.0,0.0,1.0,41
241,@CNN,This private museum in Taiwan is home to the world's biggest and most comprehensive violin collection‚Ä¶ https://t.co/gH8mTOe1tf,Thu Oct 04 03:31:05 +0000 2018,0.3167,0.125,0.0,0.875,42
242,@CNN,"Seven law enforcement officers were shot, one fatally, during a standoff Wednesday in Florence, South Carolina, cit‚Ä¶ https://t.co/JdlUp2qlVe",Thu Oct 04 03:21:42 +0000 2018,-0.6369,0.0,0.208,0.792,43
243,@CNN,RT @cnnbrk: Australia's busiest airport was on high alert Thursday after a United Airlines flight from Los Angeles issued a mayday call due‚Ä¶,Thu Oct 04 03:17:05 +0000 2018,0.6124,0.208,0.0,0.792,44
244,@CNN,Residents in this Kentucky city are hanging dozens of bed sheet banners to support survivors of sexual assault‚Ä¶ https://t.co/qfcovD148E,Thu Oct 04 03:16:07 +0000 2018,0.4019,0.13,0.0,0.87,45
245,@CNN,"RT @CuomoPrimeTime: ""People want one of two things: exoneration or corroboration ... it's going to be an impossibility."" - Retired FBI Agen‚Ä¶",Thu Oct 04 03:10:51 +0000 2018,0.0772,0.061,0.0,0.939,46
246,@CNN,RT @CNNTonight: .@donlemon: This President has made himself ‚Äòvictim-in-chief‚Äô from the early days of his presidency. But why? He was a mill‚Ä¶,Thu Oct 04 03:10:40 +0000 2018,0.0,0.0,0.0,1.0,47
247,@CNN,"CNN‚Äôs Samuel Burke gets a close look at Magic Leap‚Äôs mixed reality headset, with the help of actor Andy Serkis‚Ä¶ https://t.co/fI4dnGFGxf",Thu Oct 04 03:04:05 +0000 2018,0.4019,0.124,0.0,0.876,48
248,@CNN,Science confirms what the heart already knows: Hugs really do make you feel better https://t.co/iK99rK2lKY https://t.co/KKefjGyTbi,Thu Oct 04 03:01:06 +0000 2018,0.7269,0.303,0.0,0.697,49
249,@CNN,President Trump's victim-mocking should haunt the GOP | By Tara Setmayer via @CNNOpinion https://t.co/APfbpf2cit https://t.co/XvSbMAb4mF,Thu Oct 04 02:46:02 +0000 2018,-0.4019,0.0,0.172,0.828,50
250,@CNN,"A surprise government inspection found nooses hanging in cells, misuse of solitary confinement and delayed medical‚Ä¶ https://t.co/oORCWb0tET",Thu Oct 04 02:31:04 +0000 2018,0.0516,0.117,0.106,0.778,51
251,@CNN,"To truly fight climate change, we need to set our sights higher | By Frank Bainimarama and Hilda C. Heine via‚Ä¶ https://t.co/vYO3MTstgn",Thu Oct 04 02:16:04 +0000 2018,0.0772,0.118,0.106,0.776,52
252,@CNN,"Senate Majority Leader Mitch McConnell has filed cloture on Kavanaugh's nomination for the Supreme Court, setting u‚Ä¶ https://t.co/gOcIqnRMg6",Thu Oct 04 02:13:53 +0000 2018,0.5574,0.175,0.0,0.825,53
253,@CNN,BREAKING: Senate Majority Leader Mitch McConnell takes a key step toward the vote on Brett Kavanaugh's nomination‚Ä¶ https://t.co/KFKEEy7QuV,Thu Oct 04 02:12:39 +0000 2018,0.0,0.0,0.0,1.0,54
254,@CNN,"The US Capitol Police announced  that they had arrested a suspect for allegedly ""doxing"" -- a form of publishing pr‚Ä¶ https://t.co/ekl1osgAQm",Thu Oct 04 02:09:54 +0000 2018,-0.6486,0.0,0.238,0.762,55
255,@CNN,"RT @CuomoPrimeTime: ""That is an abominable thing to say."" As it pertains to the treatment of Christine Blasey Ford in particular - and the‚Ä¶",Thu Oct 04 02:06:53 +0000 2018,0.0,0.0,0.0,1.0,56
256,@CNN,"As the FBI wraps up its renewed background check into Supreme Court nominee Brett Kavanaugh, the remaining undecide‚Ä¶ https://t.co/g4DFcfbXYI",Thu Oct 04 02:06:36 +0000 2018,0.5574,0.167,0.0,0.833,57
257,@CNN,"RT @CuomoPrimeTime: ""It was really terrible ... it's painful to have these difficult experiences shared and processed publicly."" - Sandra M‚Ä¶",Thu Oct 04 02:05:17 +0000 2018,-0.7501,0.088,0.323,0.588,58
258,@CNN,"RT @OutFrontCNN: Trump accuser Samantha Holvey says it was ""absolutely disgusting"" for President Trump to mock Christine Blasey Ford.

""I c‚Ä¶",Thu Oct 04 02:05:07 +0000 2018,-0.7574,0.0,0.255,0.745,59
259,@CNN,"""As Brett's roommate, I'm in a singular position...to say, 'Listen, I saw him do this stuff that he said, under oat‚Ä¶ https://t.co/u3tHxYnNSY",Thu Oct 04 02:04:48 +0000 2018,0.0,0.0,0.0,1.0,60
260,@CNN,"""I was shocked. ... Those words were commonly used, and they were references to sexual activities."" -Jamie Roche, B‚Ä¶ https://t.co/7mnb3P5nLV",Thu Oct 04 02:01:20 +0000 2018,-0.3182,0.0,0.108,0.892,61
261,@CNN,"Brett Kavanaugh's Yale roommate: ""When Brett started saying things about his drinking and his use of certain words,‚Ä¶ https://t.co/NTUW9CTIiO",Thu Oct 04 01:59:34 +0000 2018,0.2732,0.104,0.0,0.896,62
262,@CNN,"""My recollection of my experience with him was that he was drunk frequently...I would say with some confidence it w‚Ä¶ https://t.co/fjpalDbM9p",Thu Oct 04 01:56:45 +0000 2018,0.2263,0.134,0.097,0.769,63
263,@CNN,Kate Hudson gives birth to a baby girl https://t.co/KiCktXPfzd https://t.co/uUCTzE6ngh,Thu Oct 04 01:56:05 +0000 2018,0.0,0.0,0.0,1.0,64
264,@CNN,"RT @AC360: Brett Kavanaugh's Yale roommate, Jamie Roche, tells @andersoncooper he has not been contacted by the FBI. 

Cooper: ""So just for‚Ä¶",Thu Oct 04 01:54:32 +0000 2018,0.0,0.0,0.0,1.0,65
265,@CNN,Supreme Court nominee Brett Kavanaugh's Yale classmates say they've struggled to connect with the FBI‚Ä¶ https://t.co/Bb0sHBtnTM,Thu Oct 04 01:51:39 +0000 2018,0.296,0.18,0.12,0.7,66
266,@CNN,"Astronomers say they may have made the first discovery of an exomoon, a moon outside our solar system‚Ä¶ https://t.co/H64o8jrFHw",Thu Oct 04 01:46:06 +0000 2018,0.0,0.0,0.0,1.0,67
267,@CNN,A federal judge in California granted a preliminary injunction temporarily blocking the government from terminating‚Ä¶ https://t.co/DO33iCkQDP,Thu Oct 04 01:36:57 +0000 2018,-0.1531,0.12,0.157,0.723,68
268,@CNN,Brooklyn College students are calling for administrators to fire a professor who seemed to dismiss sexual assault b‚Ä¶ https://t.co/ue8hOUHR7U,Thu Oct 04 01:36:04 +0000 2018,-0.7351,0.0,0.279,0.721,69
269,@CNN,"NYC to Boston in 36 minutes? Transcend Air has plans for a jet-fast plane that takes off and lands vertically, allo‚Ä¶ https://t.co/DfTTt3i3FL",Thu Oct 04 01:31:00 +0000 2018,0.0,0.0,0.0,1.0,70
270,@CNN,Senate Judiciary Committee Democrats suggest that there was evidence of inappropriate behavior in Brett Kavanaugh's‚Ä¶ https://t.co/9kiMVwmM7B,Thu Oct 04 01:31:00 +0000 2018,0.0,0.0,0.0,1.0,71
271,@CNN,A financial disclosure from Donald Trump's sister led to The New York Times report on his taxes‚Ä¶ https://t.co/Kpa245ZE6C,Thu Oct 04 01:29:59 +0000 2018,0.0,0.0,0.0,1.0,72
272,@CNN,Donald Trump's taxes are back (again) (again) | Analysis by @CillizzaCNN https://t.co/3MEqIuK42L https://t.co/weNB7cXt05,Thu Oct 04 01:27:29 +0000 2018,0.0,0.0,0.0,1.0,73
273,@CNN,Inside the Judiciary GOP's strategy to undermine Kavanaugh's accusers | Analysis by CNN's Z. Byron Wolf‚Ä¶ https://t.co/WwA4sbbhRy,Thu Oct 04 01:26:02 +0000 2018,-0.296,0.0,0.128,0.872,74
274,@CNN,"My husband, Rand Paul, and our family have suffered intimidation and threats | By Kelley Paul via @CNNOpinion‚Ä¶ https://t.co/61Qu4X1wrD",Thu Oct 04 01:22:56 +0000 2018,-0.8316,0.0,0.37,0.63,75
275,@CNN,High blood pressure. Anxiety. Depression. Insomnia. These are just a few of the possible long-term health consequen‚Ä¶ https://t.co/xPg61uarH5,Thu Oct 04 01:16:03 +0000 2018,-0.765,0.0,0.352,0.648,76
276,@CNN,"Fashion has a water consumption problem. But bacterial dye -- yes, bacterial -- could help change that:‚Ä¶ https://t.co/LOW2ZEwOnl",Thu Oct 04 01:01:01 +0000 2018,0.7391,0.309,0.081,0.61,77
277,@CNN,More than 250 people around the world have died taking selfies since 2011 https://t.co/dlzAzEzYTy,Thu Oct 04 00:46:00 +0000 2018,-0.5574,0.0,0.217,0.783,78
278,@CNN,"CORRECTION: The story has been corrected to clarify that Sen. Orrin Hatch said he was ""happy"" to look into allegati‚Ä¶ https://t.co/lm2dTlKJYb",Thu Oct 04 00:42:12 +0000 2018,0.0,0.0,0.0,1.0,79
279,@CNN,"James Roche, one of Supreme Court nominee Brett Kavanaugh's freshman year roommates at Yale, said Kavanaugh lied un‚Ä¶ https://t.co/tOeQeGd8Cs",Thu Oct 04 00:34:55 +0000 2018,0.25,0.155,0.112,0.733,80
280,@CNN,"Take a rare tour underneath and inside San Francisco's Golden Gate Bridge where about 200 iron workers, engineers,‚Ä¶ https://t.co/AVsqL7a0Bg",Thu Oct 04 00:31:00 +0000 2018,0.0,0.0,0.0,1.0,81
281,@CNN,"RT @AC360: Brett Kavanaugh's Yale roommate tells @andersoncooper that when he heard his Senate testimony he ""knew he was lying.""

""When Bre‚Ä¶",Thu Oct 04 00:30:09 +0000 2018,0.0,0.0,0.0,1.0,82
282,@CNN,"RT @AC360: ""My recollection of my experience with him was that he was drunk frequently...I would say with some confidence it was at least o‚Ä¶",Thu Oct 04 00:29:58 +0000 2018,0.2263,0.115,0.084,0.801,83
283,@CNN,"The White House expects to have the FBI report on Kavanaugh ""soon,"" officials say.

Senators will be able to start‚Ä¶ https://t.co/vEHF7RFzBH",Thu Oct 04 00:24:57 +0000 2018,0.0,0.0,0.0,1.0,84
284,@CNN,"A women's advocacy organization in Australia has been offering paid days off for painful periods, called ""period le‚Ä¶ https://t.co/wo2wuua9M3",Thu Oct 04 00:18:08 +0000 2018,-0.4404,0.0,0.146,0.854,85
285,@CNN,"RT @OutFrontCNN: ‚ÄúI am concerned as of now that we are not going to get to see all the facts.‚Äù
  
Democratic Senator @RonWyden weighs in th‚Ä¶",Thu Oct 04 00:16:32 +0000 2018,0.0,0.0,0.0,1.0,86
286,@CNN,"Eating processed meats like bacon, sausages and ham could increase the risk of breast cancer, a study shows.

Regul‚Ä¶ https://t.co/VHo4ZHf7Hn",Thu Oct 04 00:16:05 +0000 2018,-0.4019,0.183,0.247,0.57,87
287,@CNN,The US Navy's Pacific Fleet has drawn up a classified proposal to carry out a global show of force as a warning to‚Ä¶ https://t.co/01bER3xHOK,Thu Oct 04 00:13:52 +0000 2018,-0.34,0.0,0.107,0.893,88
288,@CNN,Are standing desks really good for you? Proponents claim that eliminating sitting from your work life can make you‚Ä¶ https://t.co/AmKQxDx0Z8,Thu Oct 04 00:01:00 +0000 2018,0.4927,0.144,0.0,0.856,89
289,@CNN,"RT @AC360: Brett Kavanaugh‚Äôs Yale roommate breaks his silence, sharing new details from their college days: The exclusive interview with @a‚Ä¶",Wed Oct 03 23:59:46 +0000 2018,0.5106,0.185,0.0,0.815,90
290,@CNN,"Busting a move to ""Dancing Queen"" onstage during her speech may have saved British Prime Minister Theresa May's pol‚Ä¶ https://t.co/s1gxi51aK2",Wed Oct 03 23:46:47 +0000 2018,0.4215,0.135,0.0,0.865,91
291,@CNN,RT @OutFrontCNN: Democratic Senator @RonWyden tells anchor @KateBolduan that President Trump‚Äôs speech last night was ‚Äúunpresidential‚Äù becau‚Ä¶,Wed Oct 03 23:46:35 +0000 2018,0.0,0.0,0.0,1.0,92
292,@CNN,An off-duty border patrol agent planned to shoot a rifle at a target containing a highly explosive substance reveal‚Ä¶ https://t.co/F6pjvoeNrw,Wed Oct 03 23:46:02 +0000 2018,-0.34,0.0,0.13,0.87,93
293,@CNN,Richard Ojeda is not a typical Democratic congressional candidate. He voted for Trump. But now he's running as his‚Ä¶ https://t.co/3kmvEd1MXt,Wed Oct 03 23:44:05 +0000 2018,0.0,0.0,0.0,1.0,94
294,@CNN,"""Brett Kavanaugh's chances of being confirmed are lower today than they were yesterday as a result of President Tru‚Ä¶ https://t.co/SURzMFx0d1",Wed Oct 03 23:41:25 +0000 2018,-0.1027,0.086,0.105,0.81,95
295,@CNN,Why Sen. Bob Menendez is still favored to win in New Jersey | Analysis by CNN's Harry Enten https://t.co/WjE7psGmuj https://t.co/wz7uSIz7yD,Wed Oct 03 23:39:26 +0000 2018,0.765,0.28,0.0,0.72,96
296,@CNN,RT @OutFrontCNN: ‚ÄúShame on them.‚Äù Former FBI Sr. Intelligence Adviser Philip Mudd says no one ought to be discussing what was found in past‚Ä¶,Wed Oct 03 23:36:23 +0000 2018,0.2263,0.114,0.081,0.806,97
297,@CNN,"Toys ""R"" Us may be coming back.

The company closed all of its US stores in June as part of a bankruptcy liquidatio‚Ä¶ https://t.co/3s3OAan8Lj",Wed Oct 03 23:31:05 +0000 2018,0.0,0.0,0.0,1.0,98
298,@CNN,"What do spilled ice cream, stranded pirates and cartoon airstrikes have in common? They are all part of a new anima‚Ä¶ https://t.co/ohJ5VHbrnL",Wed Oct 03 23:26:03 +0000 2018,0.0,0.0,0.0,1.0,99
299,@CNN,"What exactly is Jeff Flake looking for? | By Page Pate, CNN legal analyst, via @CNNOpinion https://t.co/47hSHc5muV https://t.co/PmnYqVIQ4U",Wed Oct 03 23:16:06 +0000 2018,0.128,0.086,0.0,0.914,100
300,@FoxNews,President @realDonaldTrump is looking to drive people to the polls in November. @BretBaier takes a look at how‚Ä¶ https://t.co/lNMkOI3T48,Thu Oct 04 06:59:00 +0000 2018,0.0,0.0,0.0,1.0,1
301,@FoxNews,@marcthiessen: Kavanaugh's fate ‚Äî Prosecutor Rachel Mitchell may be the pivotal person in the whole fight (via‚Ä¶ https://t.co/OeJILiudRe,Thu Oct 04 06:52:00 +0000 2018,-0.3818,0.0,0.14,0.86,2
302,@FoxNews,Amazon's minimum wage hike comes with a catch for some workers (via @FoxBusiness) https://t.co/ZcWZj1W0ir,Thu Oct 04 06:45:00 +0000 2018,0.0,0.0,0.0,1.0,3
303,@FoxNews,"Critics say President @realDonaldTrump mocked Kavanaugh accuser's testimony, @WhiteHouse says he was just stating t‚Ä¶ https://t.co/LOe701WGCt",Thu Oct 04 06:38:00 +0000 2018,-0.5423,0.0,0.243,0.757,4
304,@FoxNews,California efforts vs. President @realDonaldTrump costing state taxpayers millions: report https://t.co/4vcuwrs9ep,Thu Oct 04 06:31:00 +0000 2018,0.0,0.0,0.0,1.0,5
305,@FoxNews,".@AlanDersh on Kavanaugh hearing: ""The framers of our Constitution never intended the confirmation process to look‚Ä¶ https://t.co/rvmsd9CLY1",Thu Oct 04 06:24:00 +0000 2018,0.0,0.0,0.0,1.0,6
306,@FoxNews,ICE union wants Portland mayor to face criminal probe over actions during Occupy ICE protests https://t.co/4P3EgTAqcD,Thu Oct 04 06:17:00 +0000 2018,-0.6486,0.0,0.275,0.725,7
307,@FoxNews,.@SecPompeo: ‚ÄúI‚Äôm announcing that the United States is terminating the 1955 Treaty of Amity with Iran. This is a de‚Ä¶ https://t.co/ThIdv7pvYE,Thu Oct 04 06:10:00 +0000 2018,0.4215,0.128,0.0,0.872,8
308,@FoxNews,Top FBI lawyer Baker offers 'explosive' testimony on 'abnormal' handling of Russia probe into Trump campaign: lawma‚Ä¶ https://t.co/1mLTsNBHWs,Thu Oct 04 06:03:00 +0000 2018,0.2023,0.096,0.0,0.904,9
309,@FoxNews,".@PressSec: ‚ÄúEverybody deserves to be heard, but that includes Judge Kavanaugh.‚Äù https://t.co/Hiel8VKs1H",Thu Oct 04 05:56:01 +0000 2018,0.0,0.0,0.0,1.0,10
310,@FoxNews,.@senatemajldr late Wednesday night revealed that the Senate would receive the @FBI's supplemental background inves‚Ä¶ https://t.co/2eM5GktInt,Thu Oct 04 05:49:00 +0000 2018,0.0,0.0,0.0,1.0,11
311,@FoxNews,".@BenShapiro: ""No good person is going to want to go into politics knowing that they could just be destroyed at a m‚Ä¶ https://t.co/wE9nbnxxwA",Thu Oct 04 05:42:00 +0000 2018,-0.296,0.152,0.196,0.652,12
312,@FoxNews,Americans are struggling to save for future medical costs (via @FoxBusiness) https://t.co/TqiUuBDkr8,Thu Oct 04 05:35:00 +0000 2018,0.1027,0.2,0.175,0.625,13
313,@FoxNews,.@cvpayne discusses @federalreserve Chair Jerome Powell‚Äôs comments that the U.S. economy appears to be in a 'remark‚Ä¶ https://t.co/26mG1xKYLl,Thu Oct 04 05:28:00 +0000 2018,0.0,0.0,0.0,1.0,14
314,@FoxNews,North Korean hackers accused of stealing millions from global banks https://t.co/nNSWVp44nw,Thu Oct 04 05:21:00 +0000 2018,-0.7096,0.0,0.396,0.604,15
315,@FoxNews,‚ÄúProfoundly disappointed‚Äù ‚Äî Ford legal team reacts to @senatemajldr McConnell setting vote @foxnewsnight‚Ä¶ https://t.co/OznekwivPJ,Thu Oct 04 05:14:00 +0000 2018,0.128,0.111,0.0,0.889,16
316,@FoxNews,White House finds no corroboration of sexual misconduct allegations against Kavanaugh in FBI report: WSJ https://t.co/61NrCWmzW8,Thu Oct 04 05:03:00 +0000 2018,-0.296,0.0,0.128,0.872,17
317,@FoxNews,.@GOPChairwoman Ronna McDaniel: ‚Äú[Republicans] are going on offense and defense and we want to make sure we‚Äôre prot‚Ä¶ https://t.co/5tM0YpuJUx,Thu Oct 04 05:00:00 +0000 2018,0.2732,0.231,0.09,0.679,18
318,@FoxNews,Ford's lawyers slam FBI investigation after McConnell signals Kavanaugh vote later this week https://t.co/03EbQDtbB0,Thu Oct 04 04:52:00 +0000 2018,-0.3818,0.0,0.167,0.833,19
319,@FoxNews,President @realDonaldTrump uses different approaches for North Korea and Iran. @foxnewsnight https://t.co/k7ArjNx3GB,Thu Oct 04 04:45:00 +0000 2018,0.0,0.0,0.0,1.0,20
320,@FoxNews,President @realDonaldTrump is looking to drive people to the polls in November. @BretBaier takes a look at how‚Ä¶ https://t.co/lNMkOI3T48,Thu Oct 04 06:59:00 +0000 2018,0.0,0.0,0.0,1.0,21
321,@FoxNews,@marcthiessen: Kavanaugh's fate ‚Äî Prosecutor Rachel Mitchell may be the pivotal person in the whole fight (via‚Ä¶ https://t.co/OeJILiudRe,Thu Oct 04 06:52:00 +0000 2018,-0.3818,0.0,0.14,0.86,22
322,@FoxNews,Amazon's minimum wage hike comes with a catch for some workers (via @FoxBusiness) https://t.co/ZcWZj1W0ir,Thu Oct 04 06:45:00 +0000 2018,0.0,0.0,0.0,1.0,23
323,@FoxNews,"Critics say President @realDonaldTrump mocked Kavanaugh accuser's testimony, @WhiteHouse says he was just stating t‚Ä¶ https://t.co/LOe701WGCt",Thu Oct 04 06:38:00 +0000 2018,-0.5423,0.0,0.243,0.757,24
324,@FoxNews,California efforts vs. President @realDonaldTrump costing state taxpayers millions: report https://t.co/4vcuwrs9ep,Thu Oct 04 06:31:00 +0000 2018,0.0,0.0,0.0,1.0,25
325,@FoxNews,".@AlanDersh on Kavanaugh hearing: ""The framers of our Constitution never intended the confirmation process to look‚Ä¶ https://t.co/rvmsd9CLY1",Thu Oct 04 06:24:00 +0000 2018,0.0,0.0,0.0,1.0,26
326,@FoxNews,ICE union wants Portland mayor to face criminal probe over actions during Occupy ICE protests https://t.co/4P3EgTAqcD,Thu Oct 04 06:17:00 +0000 2018,-0.6486,0.0,0.275,0.725,27
327,@FoxNews,.@SecPompeo: ‚ÄúI‚Äôm announcing that the United States is terminating the 1955 Treaty of Amity with Iran. This is a de‚Ä¶ https://t.co/ThIdv7pvYE,Thu Oct 04 06:10:00 +0000 2018,0.4215,0.128,0.0,0.872,28
328,@FoxNews,Top FBI lawyer Baker offers 'explosive' testimony on 'abnormal' handling of Russia probe into Trump campaign: lawma‚Ä¶ https://t.co/1mLTsNBHWs,Thu Oct 04 06:03:00 +0000 2018,0.2023,0.096,0.0,0.904,29
329,@FoxNews,".@PressSec: ‚ÄúEverybody deserves to be heard, but that includes Judge Kavanaugh.‚Äù https://t.co/Hiel8VKs1H",Thu Oct 04 05:56:01 +0000 2018,0.0,0.0,0.0,1.0,30
330,@FoxNews,.@senatemajldr late Wednesday night revealed that the Senate would receive the @FBI's supplemental background inves‚Ä¶ https://t.co/2eM5GktInt,Thu Oct 04 05:49:00 +0000 2018,0.0,0.0,0.0,1.0,31
331,@FoxNews,".@BenShapiro: ""No good person is going to want to go into politics knowing that they could just be destroyed at a m‚Ä¶ https://t.co/wE9nbnxxwA",Thu Oct 04 05:42:00 +0000 2018,-0.296,0.152,0.196,0.652,32
332,@FoxNews,Americans are struggling to save for future medical costs (via @FoxBusiness) https://t.co/TqiUuBDkr8,Thu Oct 04 05:35:00 +0000 2018,0.1027,0.2,0.175,0.625,33
333,@FoxNews,.@cvpayne discusses @federalreserve Chair Jerome Powell‚Äôs comments that the U.S. economy appears to be in a 'remark‚Ä¶ https://t.co/26mG1xKYLl,Thu Oct 04 05:28:00 +0000 2018,0.0,0.0,0.0,1.0,34
334,@FoxNews,North Korean hackers accused of stealing millions from global banks https://t.co/nNSWVp44nw,Thu Oct 04 05:21:00 +0000 2018,-0.7096,0.0,0.396,0.604,35
335,@FoxNews,‚ÄúProfoundly disappointed‚Äù ‚Äî Ford legal team reacts to @senatemajldr McConnell setting vote @foxnewsnight‚Ä¶ https://t.co/OznekwivPJ,Thu Oct 04 05:14:00 +0000 2018,0.128,0.111,0.0,0.889,36
336,@FoxNews,White House finds no corroboration of sexual misconduct allegations against Kavanaugh in FBI report: WSJ https://t.co/61NrCWmzW8,Thu Oct 04 05:03:00 +0000 2018,-0.296,0.0,0.128,0.872,37
337,@FoxNews,.@GOPChairwoman Ronna McDaniel: ‚Äú[Republicans] are going on offense and defense and we want to make sure we‚Äôre prot‚Ä¶ https://t.co/5tM0YpuJUx,Thu Oct 04 05:00:00 +0000 2018,0.2732,0.231,0.09,0.679,38
338,@FoxNews,Ford's lawyers slam FBI investigation after McConnell signals Kavanaugh vote later this week https://t.co/03EbQDtbB0,Thu Oct 04 04:52:00 +0000 2018,-0.3818,0.0,0.167,0.833,39
339,@FoxNews,President @realDonaldTrump uses different approaches for North Korea and Iran. @foxnewsnight https://t.co/k7ArjNx3GB,Thu Oct 04 04:45:00 +0000 2018,0.0,0.0,0.0,1.0,40
340,@FoxNews,"Judge cites evidence that Trump ‚Äòharbors an animus against non-white, non-European aliens‚Äô in ruling https://t.co/7kT098ISvF",Thu Oct 04 04:37:00 +0000 2018,0.0,0.0,0.0,1.0,41
341,@FoxNews,".@PressSec: ‚ÄúThey‚Äôre not opposed to Judge Kavanaugh‚Äôs judicial views, they‚Äôre literally trying to undercut the voic‚Ä¶ https://t.co/7LbNSylEzP",Thu Oct 04 04:30:00 +0000 2018,0.0,0.0,0.0,1.0,42
342,@FoxNews,"Couple could face death penalty in alleged torture, slaying of 10-year-old boy https://t.co/xsMPqc3wYq",Thu Oct 04 04:22:00 +0000 2018,-0.8957,0.0,0.519,0.481,43
343,@FoxNews,.@KellyannePolls: ‚ÄúWe have to make sure that we‚Äôre not blaming an entire gender for what individual men have done a‚Ä¶ https://t.co/7GvNa5PAd5,Thu Oct 04 04:15:00 +0000 2018,0.6031,0.206,0.0,0.794,44
344,@FoxNews,".@IngrahamAngle : ""The attacks against Kavanaugh and the ongoing smear campaign have awakened the Republican base."" https://t.co/fUww5UONjI",Thu Oct 04 04:07:00 +0000 2018,-0.6597,0.0,0.278,0.722,45
345,@FoxNews,".@PressSec: ‚ÄúThe testimony by Dr. Ford was compelling, but you can‚Äôt make this decision based on emotion, it has to‚Ä¶ https://t.co/gYg7xjZxoo",Thu Oct 04 04:01:00 +0000 2018,0.1154,0.068,0.0,0.932,46
346,@FoxNews,".@LeslieMarshall on Dr. Ford‚Äôs unreleased evidence: ‚ÄúQuite frankly, I think they want it out there that the FBI has‚Ä¶ https://t.co/sRIU0u625D",Thu Oct 04 03:55:00 +0000 2018,0.0772,0.067,0.0,0.933,47
347,@FoxNews,".@LindseyGrahamSC on Kavanaugh‚Äôs confirmation chance: ‚ÄúI‚Äôve never felt more confident, because I‚Äôve been told a sum‚Ä¶ https://t.co/ifbc12mezi",Thu Oct 04 03:50:00 +0000 2018,-0.2131,0.106,0.151,0.743,48
348,@FoxNews,.@LindseyGrahamSC: ‚ÄúDo not let these people do what they‚Äôve done to Judge Kavanaugh and reward them by saying he‚Äôs‚Ä¶ https://t.co/3RSbAr6VxD,Thu Oct 04 03:42:00 +0000 2018,0.5719,0.163,0.0,0.837,49
349,@FoxNews,Undecided senators not up for re-election this year @foxnewsnight https://t.co/hS45dCjOHP https://t.co/WkLb1MDpkg,Thu Oct 04 03:36:00 +0000 2018,-0.2263,0.0,0.16,0.84,50
350,@FoxNews,.@LindseyGrahamSC on Brett Kavanaugh: ‚ÄúThere‚Äôs nothing in his background checks that suggest anything consistent wi‚Ä¶ https://t.co/XLsnoG30v4,Thu Oct 04 03:30:00 +0000 2018,0.0,0.0,0.0,1.0,51
351,@FoxNews,Senate GOP pushes ahead on Judge Kavanaugh @foxnewsnight https://t.co/hS45dCBq6p https://t.co/bzwXL5X0ca,Thu Oct 04 03:20:00 +0000 2018,0.0,0.0,0.0,1.0,52
352,@FoxNews,"Philadelphia shooting outside dollar store leaves 1 dead, 4 injured: report https://t.co/eMbCwpVaLT",Thu Oct 04 03:12:00 +0000 2018,-0.7906,0.0,0.467,0.533,53
353,@FoxNews,Timing of Senate confirmation vote @foxnewsnight https://t.co/hS45dCBq6p https://t.co/qegsGJY6Gl,Thu Oct 04 03:07:50 +0000 2018,0.0,0.0,0.0,1.0,54
354,@FoxNews,".@NancyPelosi slams GOP as 'patriarchal cowards,' decries Kim-Putin echoes in Kavanaugh https://t.co/703xHDlRvo",Thu Oct 04 03:05:00 +0000 2018,0.0,0.0,0.0,1.0,55
355,@FoxNews,Father transmits HIV to newborn son in rare case https://t.co/kymONN3jvV,Thu Oct 04 02:58:00 +0000 2018,0.0,0.0,0.0,1.0,56
356,@FoxNews,Border Patrol arrests DACA recipient accused of smuggling over $34G worth of meth https://t.co/69WZz6voMc,Thu Oct 04 02:52:00 +0000 2018,-0.743,0.095,0.408,0.498,57
357,@FoxNews,RT @FoxBusiness: Toys R Us ... not dead yet  https://t.co/r33owAXt9o https://t.co/m1yfA9utDb,Thu Oct 04 02:51:28 +0000 2018,0.5334,0.277,0.0,0.723,58
358,@FoxNews,Stroke patient's smile restored after pioneering surgery https://t.co/lIeUD0sUp3,Thu Oct 04 02:41:01 +0000 2018,0.5994,0.45,0.0,0.55,59
359,@FoxNews,".@newtgingrich on the midterms: ""I do not believe tonight that the American people are going to reward left-wing so‚Ä¶ https://t.co/I5Bxe3QQva",Thu Oct 04 02:38:58 +0000 2018,0.5719,0.163,0.0,0.837,60
360,@FoxNews,Seattle karaoke host sings @garthbrooks' 'Friends in Low Places' for 36 hours straight to raise breast cancer aware‚Ä¶ https://t.co/d3f5Lg8D1v,Thu Oct 04 02:38:00 +0000 2018,-0.3612,0.189,0.245,0.566,61
361,@FoxNews,Laurie Metcalf on filming the first day of 'The Conners' without Roseanne Barr: 'It was awkward but not' https://t.co/huZjps6LKw,Thu Oct 04 02:33:00 +0000 2018,-0.0772,0.0,0.067,0.933,62
362,@FoxNews,"1 child killed, 3 injured after Texas school bus crashes https://t.co/Jc8ZwUFCLj",Thu Oct 04 02:27:00 +0000 2018,-0.802,0.0,0.507,0.493,63
363,@FoxNews,".@kanyewest tweeted Wednesday that he'd like for @Kaepernick7  and President @realDonaldTrump  to meet and ""have a‚Ä¶ https://t.co/FEMvLmsnQI",Thu Oct 04 02:20:43 +0000 2018,0.3612,0.135,0.0,0.865,64
364,@FoxNews,.@ivankatrump visited residents impacted by Hurricane Florence in North Carolina on Wednesday and helped distribute‚Ä¶ https://t.co/syHFY4S2Yn,Thu Oct 04 02:17:00 +0000 2018,0.0,0.0,0.0,1.0,65
365,@FoxNews,"Home built by Chip and Joanna Gaines, pre-'Fixer Upper,' going up for sale https://t.co/9KxtwMZlVD",Thu Oct 04 02:12:00 +0000 2018,0.0,0.0,0.0,1.0,66
366,@FoxNews,"Ancient 3,000-year-old container found with traces of opium https://t.co/GT1uBVtWEL",Thu Oct 04 02:07:00 +0000 2018,0.0,0.0,0.0,1.0,67
367,@FoxNews,"BREAKING: McConnell files cloture to end debate on Kavanaugh nomination, setting up key procedural vote later  https://t.co/yZ4GCkp1k5",Thu Oct 04 02:04:10 +0000 2018,0.0,0.0,0.0,1.0,68
368,@FoxNews,"A Minnesota teen who is blind is set to compete in his first @IRONMANtri this weekend, after being paired with a gu‚Ä¶ https://t.co/qxv08jlRYt",Thu Oct 04 02:00:00 +0000 2018,-0.4019,0.0,0.119,0.881,69
369,@FoxNews,.@GreggJarrett: Make the FBI's Kavanaugh report public ‚Äì Now https://t.co/35oamCRZvL,Thu Oct 04 01:59:15 +0000 2018,0.0,0.0,0.0,1.0,70
370,@FoxNews,"GOP-doxxing suspect arrested; worked or interned for Feinstein, Jackson Lee, other Dems. https://t.co/FCPG2vzaDi",Thu Oct 04 01:58:33 +0000 2018,-0.6486,0.0,0.325,0.675,71
371,@FoxNews,Senate Majority Leader Mitch McConnell speaks about Kavanaugh nomination. https://t.co/tkkdiHm0uh,Thu Oct 04 01:55:09 +0000 2018,0.0,0.0,0.0,1.0,72
372,@FoxNews,"Maine fisherman reels in rare calico lobster, a ‚Äò1 in 30 million‚Äô find. https://t.co/dQnaeaKzmq",Thu Oct 04 01:41:00 +0000 2018,0.0,0.0,0.0,1.0,73
373,@FoxNews,".@AlanDersh on Kavanaugh hearing: ""The framers of our Constitution never intended the confirmation process to look‚Ä¶ https://t.co/O1N20r5KBJ",Thu Oct 04 01:37:00 +0000 2018,0.0,0.0,0.0,1.0,74
374,@FoxNews,".@IngrahamAngle: Kavanaugh saga -- The academic resistance at Yale, Harvard, Georgetown is beyond belief. (via‚Ä¶ https://t.co/pdfJtuQVKq",Thu Oct 04 01:31:26 +0000 2018,0.0,0.0,0.0,1.0,75
375,@FoxNews,"Hunting arrow claims life of a Texas dog, sheriff says. https://t.co/UXUoHAewu1",Thu Oct 04 01:24:00 +0000 2018,0.0,0.0,0.0,1.0,76
376,@FoxNews,"Inmates at Irish prison allegedly have Chinese takeout brought in by drone.
https://t.co/4AgMmxOUux",Thu Oct 04 01:16:24 +0000 2018,-0.5106,0.0,0.216,0.784,77
377,@FoxNews,"BREAKING: FBI‚Äôs Kavanaugh report will be available for senators, some aides to view Thursday morning, Fox News lear‚Ä¶ https://t.co/lmmb2EAMmg",Thu Oct 04 01:04:07 +0000 2018,0.0,0.0,0.0,1.0,78
378,@FoxNews,RT @FoxBusiness: More Americans lying on mortgage applications  https://t.co/mLxPRhvhTg,Thu Oct 04 00:55:44 +0000 2018,-0.5688,0.0,0.315,0.685,79
379,@FoxNews,Seattle Starbucks baristas dispose of hypodermic needles left behind by drug users nearly every day: report https://t.co/hnSzufqBWy,Thu Oct 04 00:55:00 +0000 2018,0.0,0.0,0.0,1.0,80
380,@FoxNews,A @LASDHQ deputy pushed an elderly woman a mile to her home after her electric wheelchair ran out of power in the m‚Ä¶ https://t.co/IfKRYsi8vV,Thu Oct 04 00:50:00 +0000 2018,0.0,0.0,0.0,1.0,81
381,@FoxNews,Inmates at Irish prison allegedly have Chinese takeout brought in by drone https://t.co/KEl2jGhz0B https://t.co/46GNl0qIQN,Thu Oct 04 00:47:03 +0000 2018,-0.5106,0.0,0.202,0.798,82
382,@FoxNews,OPINION: @FLOTUS' Africa trip could provide the best kind of US outreach https://t.co/HGAXsAhWgp,Thu Oct 04 00:42:43 +0000 2018,0.743,0.364,0.0,0.636,83
383,@FoxNews,Chicago Cubs' Addison Russell gets 40-game suspension for violating domestic violence policy https://t.co/szZpMVidXr,Thu Oct 04 00:40:34 +0000 2018,-0.8225,0.0,0.409,0.591,84
384,@FoxNews,A Florida man who allegedly stole a tractor was tased by a deputy after he tried to flee the scene. https://t.co/S06eWuIKzA,Thu Oct 04 00:33:00 +0000 2018,0.0,0.0,0.0,1.0,85
385,@FoxNews,McConnell denies Schumer‚Äôs request for FBI briefing on Kavanaugh probe https://t.co/m7o7fpxi4r https://t.co/sJW3wQUDQZ,Thu Oct 04 00:32:29 +0000 2018,-0.4215,0.0,0.203,0.797,86
386,@FoxNews,"South Carolina shooting leaves 1 officer dead, 6 others wounded: police https://t.co/Q6GVGK1G2Y",Thu Oct 04 00:20:57 +0000 2018,-0.6486,0.0,0.323,0.677,87
387,@FoxNews,Top FBI lawyer Baker offers 'explosive' testimony on 'abnormal' handling of Russia probe into Trump campaign: lawma‚Ä¶ https://t.co/LmrkCuWMTw,Thu Oct 04 00:12:10 +0000 2018,0.2023,0.096,0.0,0.904,88
388,@FoxNews,Rep. Jackson Lee intern arrested in doxxing of GOP senators during Kavanaugh hearing https://t.co/FYsCIZXjXR,Thu Oct 04 00:09:18 +0000 2018,-0.4767,0.0,0.193,0.807,89
389,@FoxNews,"Update on deadly officer shooting in Florence County, SC. One police officer was killed and four others law enforce‚Ä¶ https://t.co/W08Xnpco6t",Thu Oct 04 00:02:43 +0000 2018,-0.6705,0.0,0.191,0.809,90
390,@FoxNews,"Trump's Census Bureau nominee quizzed on ID'ing of noncitizens, as Dems fear major hit to voter base. https://t.co/0GLwCb4vIy",Thu Oct 04 00:02:30 +0000 2018,-0.4939,0.0,0.158,0.842,91
391,@FoxNews,"Five Hepatitis A cases linked to New York state restaurant, official says. https://t.co/a1AN5SOgUj",Wed Oct 03 23:55:00 +0000 2018,0.0,0.0,0.0,1.0,92
392,@FoxNews,"UPDATE: South Carolina shooting leaves 1 officer dead, 4 others injured, official says. https://t.co/E9dfV8lD7G",Wed Oct 03 23:48:03 +0000 2018,-0.7906,0.0,0.412,0.588,93
393,@FoxNews,U.S. Capitol Police have arrested a Democratic congressional staffer for doxxing Republican senator's personal info‚Ä¶ https://t.co/MjVvBlNR9y,Wed Oct 03 23:44:28 +0000 2018,-0.4767,0.0,0.181,0.819,94
394,@FoxNews,.@JesseBWatters: Ford's Ex-Boyfriend's Sworn Letter 'Riddled With Bombshells' https://t.co/DZzWa2GVST,Wed Oct 03 23:39:02 +0000 2018,0.0,0.0,0.0,1.0,95
395,@FoxNews,"A suspect was in custody after an ""active shooter incident"" in Florence, South Carolina on Wednesday reportedly lef‚Ä¶ https://t.co/myFMUOtHCt",Wed Oct 03 23:34:41 +0000 2018,0.128,0.129,0.105,0.766,96
396,@FoxNews,"UNC Charlotte ex-quarterback Kevin Olsen found not guilty of rape, other charges, report says. https://t.co/exQd9BPMKH",Wed Oct 03 23:26:43 +0000 2018,0.6085,0.301,0.104,0.595,97
397,@FoxNews,"BREAKING: Man arrested in GOP doxxing case is congressional staffer who worked for Rep. @JacksonLeeTX18, other Dems‚Ä¶ https://t.co/w8wiXWGgcq",Wed Oct 03 23:18:22 +0000 2018,-0.4767,0.0,0.154,0.846,98
398,@FoxNews,".@BenShapiro: ""No good person is going to want to go into politics knowing that they could just be destroyed at a m‚Ä¶ https://t.co/3p76AFeH14",Wed Oct 03 23:09:56 +0000 2018,-0.296,0.152,0.196,0.652,99
399,@FoxNews,GOP senators slam Dems' 'baseless innuendo' over previous Kavanaugh background checks; source calls claims a 'joke' https://t.co/nR2DYk0hhT,Wed Oct 03 23:06:12 +0000 2018,-0.3818,0.0,0.148,0.852,100
400,@nytimes,RT @meslackman: Raw sewage leaking into tents where children sleep. Moldy food. No hope. This is how Europe is caring for thousands who fle‚Ä¶,Thu Oct 04 06:45:04 +0000 2018,0.5994,0.208,0.075,0.717,1
401,@nytimes,"China clearly would like to send a signal to rural American voters. Retaliatory tariffs ‚Äî on things like whiskey, p‚Ä¶ https://t.co/DjBoKtRiWy",Thu Oct 04 06:30:13 +0000 2018,0.7717,0.325,0.0,0.675,2
402,@nytimes,A federal judge blocked the Trump administration from ending special protections for immigrants from 4 countries de‚Ä¶ https://t.co/MfTwiQJbTS,Thu Oct 04 06:18:35 +0000 2018,0.1531,0.144,0.112,0.745,3
403,@nytimes,Are bar fights a rite of passage? The Kavanaugh nomination has sparked an odd debate on social media. ‚ÄúIt is sad th‚Ä¶ https://t.co/uDPnzdziqR,Thu Oct 04 06:15:03 +0000 2018,-0.7964,0.0,0.299,0.701,4
404,@nytimes,The earthquake in Indonesia turned the ground into jelly in a deadly churn that eradicated landmarks and sent build‚Ä¶ https://t.co/xz0tsLnal8,Thu Oct 04 06:06:04 +0000 2018,0.0,0.0,0.0,1.0,5
405,@nytimes,"RT @gabrieldance: Four ways Fred Trump made his children very, very rich: A brief thread. 1/5

https://t.co/cASblRNDAH",Thu Oct 04 06:00:04 +0000 2018,0.6335,0.218,0.0,0.782,6
406,@nytimes,"To some, Prospector Pete is an innocuous icon of the rugged 49ers who came to California looking for gold. For othe‚Ä¶ https://t.co/MgL9UG7vBz",Thu Oct 04 05:45:03 +0000 2018,0.0,0.0,0.0,1.0,7
407,@nytimes,"For 18 years, tampons and pads were considered ‚Äúluxury‚Äù goods and taxed as such in Australia. Now they are finally‚Ä¶ https://t.co/MaAvK4OEYm",Thu Oct 04 05:30:04 +0000 2018,0.0,0.0,0.0,1.0,8
408,@nytimes,"When the New York Times photographer @adamjdean arrived in Palu, Indonesia, he found death and devastation at every‚Ä¶ https://t.co/T1SQil6aBh",Thu Oct 04 05:22:06 +0000 2018,-0.7717,0.0,0.283,0.717,9
409,@nytimes,"For 7 months, a Syrian refugee has been posting to social media about his life stranded at a Malaysian airport. Thi‚Ä¶ https://t.co/IDNhAtFLCY",Thu Oct 04 05:15:02 +0000 2018,0.0,0.0,0.0,1.0,10
410,@nytimes,Melania Trump looked more comfortable meeting with local leaders on the coast of Ghana than she has perhaps ever lo‚Ä¶ https://t.co/8e1SY5SzaX,Thu Oct 04 05:02:07 +0000 2018,0.5563,0.152,0.0,0.848,11
411,@nytimes,7 law enforcement officers were shot ‚Äî at least one fatally ‚Äî in an extraordinary barrage of firepower after the au‚Ä¶ https://t.co/Xh0hmeHcka,Thu Oct 04 04:47:04 +0000 2018,-0.6369,0.0,0.189,0.811,12
412,@nytimes,"Even Senator Lindsey Graham, Judge Kavanaugh‚Äôs most outspoken supporter, called President Trump‚Äôs attack on Dr. Chr‚Ä¶ https://t.co/Nfs3xVcY5t",Thu Oct 04 04:32:05 +0000 2018,-0.1832,0.116,0.151,0.732,13
413,@nytimes,"RT @nytopinion: Judicial temperament is one of the most important qualities of a judge, write more than 650 law professors (and counting),‚Ä¶",Thu Oct 04 04:17:03 +0000 2018,0.2716,0.095,0.0,0.905,14
414,@nytimes,The cracks in African elephants‚Äô skin help them keep cool and stay healthy. A new explanation for how those cracks‚Ä¶ https://t.co/54DUHTisTd,Thu Oct 04 04:02:02 +0000 2018,0.7717,0.312,0.0,0.688,15
415,@nytimes,"Researchers at Johns Hopkins University have recommended that psilocybin, the compound found in hallucinogenic mush‚Ä¶ https://t.co/KGCIP1I473",Thu Oct 04 03:47:03 +0000 2018,0.2023,0.107,0.0,0.893,16
416,@nytimes,Bring on the Red Sox. The Yankees beat the Athletics to advance to the next round of the playoffs. https://t.co/M5URwnDvQO,Thu Oct 04 03:40:05 +0000 2018,0.0,0.0,0.0,1.0,17
417,@nytimes,RT @NYTSports: Get ready for Yankees-Red Sox in the next round. The Yankees polished off the A's with a 7-2 wild-card win to advance to the‚Ä¶,Thu Oct 04 03:37:23 +0000 2018,0.743,0.215,0.0,0.785,18
418,@nytimes,"The 19 fall cookbooks @NYTFood is most excited about 
https://t.co/oPsV9tyMy6",Thu Oct 04 03:32:05 +0000 2018,0.4005,0.23,0.0,0.77,19
419,@nytimes,"RT @TylerKepner: The last time the Yankees played the Red Sox in the postseason, Gleyber Torres was 7 years old.",Thu Oct 04 03:30:13 +0000 2018,0.34,0.118,0.0,0.882,20
420,@nytimes,RT @meslackman: Raw sewage leaking into tents where children sleep. Moldy food. No hope. This is how Europe is caring for thousands who fle‚Ä¶,Thu Oct 04 06:45:04 +0000 2018,0.5994,0.208,0.075,0.717,21
421,@nytimes,"China clearly would like to send a signal to rural American voters. Retaliatory tariffs ‚Äî on things like whiskey, p‚Ä¶ https://t.co/DjBoKtRiWy",Thu Oct 04 06:30:13 +0000 2018,0.7717,0.325,0.0,0.675,22
422,@nytimes,A federal judge blocked the Trump administration from ending special protections for immigrants from 4 countries de‚Ä¶ https://t.co/MfTwiQJbTS,Thu Oct 04 06:18:35 +0000 2018,0.1531,0.144,0.112,0.745,23
423,@nytimes,Are bar fights a rite of passage? The Kavanaugh nomination has sparked an odd debate on social media. ‚ÄúIt is sad th‚Ä¶ https://t.co/uDPnzdziqR,Thu Oct 04 06:15:03 +0000 2018,-0.7964,0.0,0.299,0.701,24
424,@nytimes,The earthquake in Indonesia turned the ground into jelly in a deadly churn that eradicated landmarks and sent build‚Ä¶ https://t.co/xz0tsLnal8,Thu Oct 04 06:06:04 +0000 2018,0.0,0.0,0.0,1.0,25
425,@nytimes,"RT @gabrieldance: Four ways Fred Trump made his children very, very rich: A brief thread. 1/5

https://t.co/cASblRNDAH",Thu Oct 04 06:00:04 +0000 2018,0.6335,0.218,0.0,0.782,26
426,@nytimes,"To some, Prospector Pete is an innocuous icon of the rugged 49ers who came to California looking for gold. For othe‚Ä¶ https://t.co/MgL9UG7vBz",Thu Oct 04 05:45:03 +0000 2018,0.0,0.0,0.0,1.0,27
427,@nytimes,"For 18 years, tampons and pads were considered ‚Äúluxury‚Äù goods and taxed as such in Australia. Now they are finally‚Ä¶ https://t.co/MaAvK4OEYm",Thu Oct 04 05:30:04 +0000 2018,0.0,0.0,0.0,1.0,28
428,@nytimes,"When the New York Times photographer @adamjdean arrived in Palu, Indonesia, he found death and devastation at every‚Ä¶ https://t.co/T1SQil6aBh",Thu Oct 04 05:22:06 +0000 2018,-0.7717,0.0,0.283,0.717,29
429,@nytimes,"For 7 months, a Syrian refugee has been posting to social media about his life stranded at a Malaysian airport. Thi‚Ä¶ https://t.co/IDNhAtFLCY",Thu Oct 04 05:15:02 +0000 2018,0.0,0.0,0.0,1.0,30
430,@nytimes,Melania Trump looked more comfortable meeting with local leaders on the coast of Ghana than she has perhaps ever lo‚Ä¶ https://t.co/8e1SY5SzaX,Thu Oct 04 05:02:07 +0000 2018,0.5563,0.152,0.0,0.848,31
431,@nytimes,7 law enforcement officers were shot ‚Äî at least one fatally ‚Äî in an extraordinary barrage of firepower after the au‚Ä¶ https://t.co/Xh0hmeHcka,Thu Oct 04 04:47:04 +0000 2018,-0.6369,0.0,0.189,0.811,32
432,@nytimes,"Even Senator Lindsey Graham, Judge Kavanaugh‚Äôs most outspoken supporter, called President Trump‚Äôs attack on Dr. Chr‚Ä¶ https://t.co/Nfs3xVcY5t",Thu Oct 04 04:32:05 +0000 2018,-0.1832,0.116,0.151,0.732,33
433,@nytimes,"RT @nytopinion: Judicial temperament is one of the most important qualities of a judge, write more than 650 law professors (and counting),‚Ä¶",Thu Oct 04 04:17:03 +0000 2018,0.2716,0.095,0.0,0.905,34
434,@nytimes,The cracks in African elephants‚Äô skin help them keep cool and stay healthy. A new explanation for how those cracks‚Ä¶ https://t.co/54DUHTisTd,Thu Oct 04 04:02:02 +0000 2018,0.7717,0.312,0.0,0.688,35
435,@nytimes,"Researchers at Johns Hopkins University have recommended that psilocybin, the compound found in hallucinogenic mush‚Ä¶ https://t.co/KGCIP1I473",Thu Oct 04 03:47:03 +0000 2018,0.2023,0.107,0.0,0.893,36
436,@nytimes,Bring on the Red Sox. The Yankees beat the Athletics to advance to the next round of the playoffs. https://t.co/M5URwnDvQO,Thu Oct 04 03:40:05 +0000 2018,0.0,0.0,0.0,1.0,37
437,@nytimes,RT @NYTSports: Get ready for Yankees-Red Sox in the next round. The Yankees polished off the A's with a 7-2 wild-card win to advance to the‚Ä¶,Thu Oct 04 03:37:23 +0000 2018,0.743,0.215,0.0,0.785,38
438,@nytimes,"The 19 fall cookbooks @NYTFood is most excited about 
https://t.co/oPsV9tyMy6",Thu Oct 04 03:32:05 +0000 2018,0.4005,0.23,0.0,0.77,39
439,@nytimes,"RT @TylerKepner: The last time the Yankees played the Red Sox in the postseason, Gleyber Torres was 7 years old.",Thu Oct 04 03:30:13 +0000 2018,0.34,0.118,0.0,0.882,40
440,@nytimes,"RT @kchangnyt: A new solar system discovery points to a ninth planet. (No, not Pluto). https://t.co/8JwBYSabzk",Thu Oct 04 03:17:00 +0000 2018,0.0,0.0,0.0,1.0,41
441,@nytimes,The FBI arrested a man suspected of sending envelopes thought to contain the deadly poison ricin to the Pentagon. T‚Ä¶ https://t.co/ItOfxjnp8t,Thu Oct 04 03:02:05 +0000 2018,-0.8176,0.0,0.333,0.667,42
442,@nytimes,Americans used to vote at much higher rates ‚Äî sometimes above 80%. Why did that change? https://t.co/EY2Qnr90zx,Thu Oct 04 02:47:02 +0000 2018,0.0,0.0,0.0,1.0,43
443,@nytimes,"RT @alanblinder: Seven law enforcement officers were shot, at least one fatally, on Wednesday in South Carolina. A top lawmaker says the su‚Ä¶",Thu Oct 04 02:41:56 +0000 2018,-0.5267,0.069,0.162,0.769,44
444,@nytimes,Heart patients had every reason to be excited about these powerful new cholesterol drugs. Until they found they cou‚Ä¶ https://t.co/geHDOt0WDK,Thu Oct 04 02:32:05 +0000 2018,0.6369,0.224,0.0,0.776,45
445,@nytimes,RT @GlennThrush: The top federal official responsible for enforcing fair lending laws has a 14-year history of racially charged comments ab‚Ä¶,Thu Oct 04 02:22:05 +0000 2018,0.5574,0.264,0.074,0.661,46
446,@nytimes,"Teachers are suing Navient, saying the student loan servicer fouled up their attempts to get into a loan forgivenes‚Ä¶ https://t.co/PyOpETqtp9",Thu Oct 04 02:12:03 +0000 2018,-0.2732,0.0,0.104,0.896,47
447,@nytimes,"‚ÄúI, too, was sexually assaulted‚Äù: Connie Chung, the veteran TV news anchor, voiced her support for Dr. Christine Bl‚Ä¶ https://t.co/uQaZjJb2yc",Thu Oct 04 02:02:03 +0000 2018,0.4019,0.124,0.0,0.876,48
448,@nytimes,"This is the story of an elephant named Happy, who has been living alone at the zoo for the past 12 years. Now a new‚Ä¶ https://t.co/iBUZ4yUOQh",Thu Oct 04 01:47:05 +0000 2018,0.4019,0.129,0.07,0.801,49
449,@nytimes,"The NYT movie review of ""A Star Is Born"" https://t.co/yHKwQmMI0t",Thu Oct 04 01:36:04 +0000 2018,0.0,0.0,0.0,1.0,50
450,@nytimes,"RT @adamjdean: Buildings destroyed by the earthquake in the Balaroa neighbourhood of #palu, Indonesia. More pics online: https://t.co/4gHgT‚Ä¶",Thu Oct 04 01:27:35 +0000 2018,-0.4939,0.0,0.158,0.842,51
451,@nytimes,Get our On Politics newsletter delivered to your inbox. Sign up here: https://t.co/z8lYREKk4h,Thu Oct 04 01:26:00 +0000 2018,0.0,0.0,0.0,1.0,52
452,@nytimes,In our On Politics newsletter: The most out-there theories of 2018; texting about our new texting project; and a ru‚Ä¶ https://t.co/wXnAEtXp6r,Thu Oct 04 01:22:03 +0000 2018,0.0,0.0,0.0,1.0,53
453,@nytimes,RT @jmartNYT: Cruzmentum: New GOP track has @tedcruz pulling into eight-point lead after Kavanaugh hearings and sustained attacks on @BetoO‚Ä¶,Thu Oct 04 01:11:02 +0000 2018,-0.4404,0.0,0.132,0.868,54
454,@nytimes,Evening Briefing: Here's what you need to know at the end of the day https://t.co/1ylPGJSwi1,Thu Oct 04 01:01:06 +0000 2018,0.0,0.0,0.0,1.0,55
455,@nytimes,A 90-year-old California man was charged in his stepdaughter‚Äôs death after her Fitbit showed her heart stopped beat‚Ä¶ https://t.co/8TGmodfyUc,Thu Oct 04 00:37:05 +0000 2018,-0.765,0.0,0.336,0.664,56
456,@nytimes,RT @KevinQ: Lesser-known but handy feature alert: there's a link under each of our live poll maps to see the 2016 presidential precinct map‚Ä¶,Thu Oct 04 00:27:01 +0000 2018,0.4215,0.113,0.0,0.887,57
457,@nytimes,A stampede prompted by a loud popping sound at a concert in Central Park raised questions about the city‚Äôs ability‚Ä¶ https://t.co/SdoTpSnOUV,Thu Oct 04 00:17:06 +0000 2018,-0.4215,0.0,0.141,0.859,58
458,@nytimes,Everything you need to know going into the winner-take-all American League wild-card game https://t.co/DWWXK7L7AM,Thu Oct 04 00:06:03 +0000 2018,0.0,0.0,0.0,1.0,59
459,@nytimes,RT @nytpolitics: Are bar fights a rite of passage? The Brett Kavanaugh nomination has sparked an odd debate on social media. https://t.co/L‚Ä¶,Wed Oct 03 23:51:03 +0000 2018,-0.6124,0.0,0.208,0.792,60
460,@nytimes,How will the outcome of the 2018 midterm elections directly impact college students? Join political correspondent‚Ä¶ https://t.co/tLgGHMeQxs,Wed Oct 03 23:41:03 +0000 2018,0.296,0.121,0.0,0.879,61
461,@nytimes,"RT @kchangnyt: One day after Donna Strickland became the third woman to receive a physics Nobel, Frances Arnold of Caltech is just the fift‚Ä¶",Wed Oct 03 23:27:02 +0000 2018,0.0,0.0,0.0,1.0,62
462,@nytimes,Evening Briefing: Here's what you need to know at the end of the day https://t.co/dTRMCcnXx5,Wed Oct 03 23:17:07 +0000 2018,0.0,0.0,0.0,1.0,63
463,@nytimes,"In Opinion

650+ law professors (and counting) signed a letter saying that Brett Kavanaugh lacks the judicial tempe‚Ä¶ https://t.co/4AlJ85oAxu",Wed Oct 03 23:02:02 +0000 2018,0.0,0.0,0.0,1.0,64
464,@nytimes,"""The real-world and social-media combat we‚Äôve been in for the past two years over what kind of country this is ‚Äî wh‚Ä¶ https://t.co/HQ7wd5k5yx",Wed Oct 03 22:45:04 +0000 2018,-0.34,0.0,0.103,0.897,65
465,@nytimes,RT @nytopinion: 650+ law professors (and counting) believe Brett Kavanaugh lacks the judicial temperament to be approved to the Supreme Cou‚Ä¶,Wed Oct 03 22:32:07 +0000 2018,0.7506,0.252,0.0,0.748,66
466,@nytimes,"By Nov. 22, 1997, Donald Trump and his siblings owned nearly all of their father‚Äôs real estate empire free and clea‚Ä¶ https://t.co/MghiWCmx8z",Wed Oct 03 22:17:46 +0000 2018,0.5106,0.136,0.0,0.864,67
467,@nytimes,"RT @nytopinion: Threats have been building for the last year against to the E.P.A.'s Office of Children‚Äôs Health Protection, which plays a‚Ä¶",Wed Oct 03 22:02:40 +0000 2018,-0.2023,0.081,0.113,0.806,68
468,@nytimes,"No mo' MoMaCha: A judge says that a New York cafe must change its name after the Museum of Modern Art, also known a‚Ä¶ https://t.co/nyWbaX0mv3",Wed Oct 03 21:47:02 +0000 2018,-0.296,0.0,0.091,0.909,69
469,@nytimes,A journalist sharply critical of Saudi Arabia's leadership entered the kingdom's consulate in Istanbul on Tuesday t‚Ä¶ https://t.co/3RSuZcJyGn,Wed Oct 03 21:32:06 +0000 2018,-0.3182,0.0,0.126,0.874,70
470,@nytimes,"RT @katierogers: As she makes her first big solo trip abroad, Mrs. Trump seems ready to show another side of herself: the happy one. https:‚Ä¶",Wed Oct 03 21:17:02 +0000 2018,0.7351,0.212,0.0,0.788,71
471,@nytimes,Obscene photos. Vulgar texts. Dancers forced to leave. New York City Ballet is facing a #MeToo reckoning in its mos‚Ä¶ https://t.co/rEvtABagGg,Wed Oct 03 21:05:05 +0000 2018,-0.7906,0.0,0.32,0.68,72
472,@nytimes,"GM's self-driving car unit has raised billions from outsiders, though it has not yet produced a vehicle. https://t.co/LybxYqHxnI",Wed Oct 03 20:50:05 +0000 2018,0.0,0.0,0.0,1.0,73
473,@nytimes,"China may be stepping back from the free-market, pro-business policies that transformed it into the world‚Äôs No. 2 e‚Ä¶ https://t.co/5Ejn2UWTHO",Wed Oct 03 20:36:05 +0000 2018,-0.296,0.0,0.109,0.891,74
474,@nytimes,"Since 1901, the Nobel Prize in Chemistry has been won by 177 people. Frances H. Arnold just became only the fifth w‚Ä¶ https://t.co/x7s71nXDnZ",Wed Oct 03 20:20:05 +0000 2018,0.7906,0.25,0.0,0.75,75
475,@nytimes,Here are the key takeaways of our investigation. Donald Trump received the equivalent today of at least $413 millio‚Ä¶ https://t.co/OHBy9js4hf,Wed Oct 03 20:09:58 +0000 2018,0.0,0.0,0.0,1.0,76
476,@nytimes,President Trump did not offer an outright denial of the facts in our investigation. Nor did Sarah Huckabee Sanders‚Ä¶ https://t.co/YOCz7vfULC,Wed Oct 03 20:05:03 +0000 2018,0.0,0.0,0.0,1.0,77
477,@nytimes,Student loan servicer Navient is supposed to guide borrowers who qualify for a loan forgiveness program for public‚Ä¶ https://t.co/8arhGg6dTL,Wed Oct 03 19:50:04 +0000 2018,0.2732,0.11,0.0,0.89,78
478,@nytimes,"The race for Tennessee's Senate seat pits self-described ""hard-core,"" pro-Trump Republican Rep. Marsha Blackburn ag‚Ä¶ https://t.co/eK114dQcXG",Wed Oct 03 19:35:07 +0000 2018,0.0,0.0,0.0,1.0,79
479,@nytimes,"In the 1980s, Fred Trump made an important structural change to his empire that produced a big new source of revenu‚Ä¶ https://t.co/hJj60piApB",Wed Oct 03 19:22:36 +0000 2018,0.2023,0.083,0.0,0.917,80
480,@nytimes,"RT @mccanner: We're five weeks out from the midterm elections. A lot's going to happen, and we found an entirely new way to bring you the a‚Ä¶",Wed Oct 03 19:15:08 +0000 2018,0.0,0.0,0.0,1.0,81
481,@nytimes,"The best TV shows and movies new to Netflix, Amazon and more in October https://t.co/NuIeMg2Zx7",Wed Oct 03 19:08:25 +0000 2018,0.7096,0.312,0.0,0.688,82
482,@nytimes,"She joked, she danced, she survived. A year after her party conference speech ended in disaster, Theresa May perfor‚Ä¶ https://t.co/VNUmi1uh4Z",Wed Oct 03 18:50:08 +0000 2018,0.4939,0.303,0.15,0.547,83
483,@nytimes,Curious about what ordinary Canadians think of the negotiations for the United States-Mexico-Canada Agreement? The‚Ä¶ https://t.co/cGog8ZKJi7,Wed Oct 03 18:44:45 +0000 2018,0.8074,0.39,0.0,0.61,84
484,@nytimes,Priyanka Chopra is investing in dating and social media app Bumble. It's the second company in her budding start-up‚Ä¶ https://t.co/9WzEFql0kF,Wed Oct 03 18:35:31 +0000 2018,0.0,0.0,0.0,1.0,85
485,@nytimes,This recipe is perfect for those nights when you want dinner to be cold. And it can easily be made vegetarian. https://t.co/3iiyJR5xIx,Wed Oct 03 18:30:09 +0000 2018,0.7506,0.28,0.0,0.72,86
486,@nytimes,"""People won‚Äôt forget that,"" said Frank McKenna, a former Canadian ambassador to the U.S. ""I think that‚Äôs now deep i‚Ä¶ https://t.co/ZYnN1NTBjU",Wed Oct 03 18:15:06 +0000 2018,-0.2263,0.0,0.091,0.909,87
487,@nytimes,Your first job out of college is a lot different than your summer internships. Here's a 3-month checklist to help y‚Ä¶ https://t.co/HlrTU3gy2L,Wed Oct 03 18:00:21 +0000 2018,0.4019,0.124,0.0,0.876,88
488,@nytimes,"U.S. Secretary of State Pompeo says the U.S. will withdraw from a 1955 treaty it signed with Iran, hours after the‚Ä¶ https://t.co/TJuwbyTWkV",Wed Oct 03 17:45:04 +0000 2018,0.0,0.0,0.0,1.0,89
489,@nytimes,3 of the Republican senators who could decide whether Brett Kavanaugh joins the Supreme Court condemn President Tru‚Ä¶ https://t.co/9ObPQdMGYJ,Wed Oct 03 17:31:08 +0000 2018,0.25,0.162,0.117,0.721,90
490,@nytimes,Phones across the U.S. will soon buzz with a ‚Äúpresidential alert.‚Äù Don‚Äôt panic: It‚Äôs the first nationwide test of a‚Ä¶ https://t.co/ukuauFvKiN,Wed Oct 03 17:20:11 +0000 2018,-0.5106,0.0,0.148,0.852,91
491,@nytimes,RT @NYTHealth: Heart patients had every reason to be excited about these powerful new cholesterol drugs. Until they found they couldn't get‚Ä¶,Wed Oct 03 17:15:06 +0000 2018,0.6369,0.206,0.0,0.794,92
492,@nytimes,"""I‚Äôm sad that I might have caused people anguish in the job, or made people unhappy,"" says the ""Mad Men"" creator Ma‚Ä¶ https://t.co/vRlArSldgJ",Wed Oct 03 17:10:04 +0000 2018,-0.8807,0.0,0.349,0.651,93
493,@nytimes,"Retaliatory tariffs enacted by China ‚Äî on things like whiskey, pork and cranberries ‚Äî could have a big negative imp‚Ä¶ https://t.co/FzOMF0OJ8s",Wed Oct 03 17:00:10 +0000 2018,-0.296,0.113,0.167,0.721,94
494,@nytimes,"By the Book: Kate Atkinson, author of ""Transcription,"" wants ""absolutely no one"" to write her life story. ""If I was‚Ä¶ https://t.co/9eGM7qVs6O",Wed Oct 03 16:45:06 +0000 2018,-0.3597,0.0,0.116,0.884,95
495,@nytimes,The University of Mississippi wants to remove the name of a major benefactor to its journalism school after his con‚Ä¶ https://t.co/wo4VoWYlQ4,Wed Oct 03 16:30:07 +0000 2018,0.0,0.0,0.0,1.0,96
496,@nytimes,"When Donald Trump was 3 years old, his father effectively made him a landlord. Here‚Äôs how Fred Trump‚Äôs maneuver cre‚Ä¶ https://t.co/1rh5S2jXSs",Wed Oct 03 16:16:03 +0000 2018,0.4404,0.139,0.0,0.861,97
497,@nytimes,None of the 36 candidates the Republican Party is fielding for governor this year are black or Hispanic. Some in th‚Ä¶ https://t.co/l7rV8NVMhs,Wed Oct 03 16:00:13 +0000 2018,0.4019,0.114,0.0,0.886,98
498,@nytimes,U.S. Senate Republicans are stepping up efforts to challenge Christine Blasey Ford‚Äôs credibility by confronting her‚Ä¶ https://t.co/EfO8V4NEpb,Wed Oct 03 15:54:06 +0000 2018,-0.0772,0.073,0.089,0.838,99
499,@nytimes,"""For me, adulthood sank in when my first student loan payment was due. I realized that I had no idea where to begin‚Ä¶ https://t.co/Irs977Opts",Wed Oct 03 15:45:03 +0000 2018,-0.296,0.0,0.095,0.905,100
